1,Meier,Murney,mmurney0@jugem.jp,Genderfluid,120.174.122.149
2,Timmi,Dust,tdust1@opensource.org,Female,76.171.70.65
3,Dulce,Naismith,dnaismith2@com.com,Female,198.76.187.29
4,Alyda,Purple,apurple3@mit.edu,Female,206.195.58.129
5,Goldia,Melin,gmelin4@latimes.com,Female,52.61.110.202
6,Terrell,Asaaf,tasaaf5@quantcast.com,Male,188.19.141.32
7,Ruttger,Hordle,rhordle6@paginegialle.it,Male,104.124.47.247
8,Fidela,Heinel,fheinel7@mayoclinic.com,Female,175.56.167.211
9,Alexandro,Josovitz,ajosovitz8@nationalgeographic.com,Male,245.187.235.130
10,Arnie,Snelling,asnelling9@joomla.org,Male,115.107.183.126************************************************************
11,Pail,Grayne,pgraynea@jigsy.com,Male,112.48.76.107
12,Mikey,Welman,mwelmanb@prnewswire.com,Male,58.72.29.54
13,Rainer,Pietraszek,rpietraszekc@buzzfeed.com,Male,145.174.30.21
14,Lyle,Habbijam,lhabbijamd@wikimedia.org,Male,18.122.228.118
15,Celestyn,Eytel,ceytele@va.gov,Female,107.32.32.104
16,Anatollo,Swinerd,aswinerdf@acquirethisname.com,Male,157.160.20.55
17,Andonis,Birrel,abirrelg@google.es,Male,164.236.217.168
18,Anna,Sisley,asisleyh@nbcnews.com,Female,151.84.56.161
19,Tiffani,Bendell,tbendelli@abc.net.au,Female,143.241.20.6
20,Candie,Nehl,cnehlj@sbwire.com,Non-binary,27.115.234.112
21,Noach,Biesterfeld,nbiesterfeldk@weebly.com,Male,205.60.250.138
22,Leland,Groucutt,lgroucuttl@people.com.cn,Female,102.143.152.87
23,Bartram,Bryden,bbrydenm@linkedin.com,Male,6.74.61.189
24,Malory,Liver,mlivern@qq.com,Female,162.120.4.99
25,Lion,Leinster,lleinstero@php.net,Male,255.60.161.223
26,Freda,Mattea,fmatteap@webnode.com,Female,32.164.223.126
27,Rubie,Turpey,rturpeyq@booking.com,Female,49.207.243.98
28,Rollie,Gorrissen,rgorrissenr@a8.net,Male,231.6.95.26
29,Victor,Martyn,vmartyns@java.com,Male,31.249.140.42
30,Afton,Chasmar,achasmart@imgur.com,Female,75.32.253.208
31,Lew,Mafham,lmafhamu@blogtalkradio.com,Male,22.136.133.192
32,Dante,Worsham,dworshamv@washingtonpost.com,Male,167.42.33.154
33,Raddy,Faithfull,rfaithfullw@mayoclinic.com,Male,132.248.63.244
34,Irvine,Sharrard,isharrardx@prnewswire.com,Male,11.108.106.201
35,Arron,Hucklesby,ahucklesbyy@zdnet.com,Male,102.102.84.30
36,Mort,Drayn,mdraynz@i2i.jp,Male,233.147.150.240
37,Maison,Gartshore,mgartshore10@reverbnation.com,Male,79.32.232.38
38,Kendricks,Trillow,ktrillow11@icio.us,Male,234.147.230.51
39,Federico,Jelliman,fjelliman12@cbsnews.com,Male,39.141.233.182
40,Galen,Popelay,gpopelay13@networksolutions.com,Male,7.242.144.182
41,Cooper,Crookall,ccrookall14@skype.com,Male,229.100.197.82
42,Willard,Linfitt,wlinfitt15@statcounter.com,Male,12.43.10.112
43,Ivar,Gabey,igabey16@networkadvertising.org,Bigender,185.174.125.111
44,Patti,Lowder,plowder17@ycombinator.com,Female,213.56.215.210
45,Keelby,Badham,kbadham18@mapy.cz,Agender,73.193.252.175
46,Inger,Gratrix,igratrix19@ucla.edu,Female,110.199.103.45
47,Ray,Ping,rping1a@elegantthemes.com,Male,154.44.166.170
48,Christiane,Faers,cfaers1b@surveymonkey.com,Female,237.143.12.122
49,Rani,Pilgrim,rpilgrim1c@mit.edu,Female,154.179.52.113
50,Ingaberg,Buston,ibuston1d@imdb.com,Female,138.110.248.36
51,Graehme,Lilian,glilian1e@jalbum.net,Male,16.35.195.163
52,Lenard,Goodrich,lgoodrich1f@pbs.org,Genderfluid,36.102.31.251
53,Cherie,Purse,cpurse1g@photobucket.com,Female,133.220.44.241
54,Fernando,Isakovic,fisakovic1h@sciencedirect.com,Male,4.102.214.133
55,Urban,Treacher,utreacher1i@blog.com,Male,42.234.109.95
56,Amalle,Heater,aheater1j@angelfire.com,Female,80.22.241.170
57,Callie,Rushbrooke,crushbrooke1k@japanpost.jp,Female,118.50.136.60
58,Mata,Lemery,mlemery1l@feedburner.com,Male,183.2.201.9
59,Dante,Varfolomeev,dvarfolomeev1m@csmonitor.com,Male,216.150.123.197
60,Marian,Ferrierio,mferrierio1n@nhs.uk,Female,133.147.239.84
61,Bourke,Preshaw,bpreshaw1o@latimes.com,Male,243.173.109.119
62,Bruce,Stockman,bstockman1p@bloglines.com,Male,11.233.126.113
63,Rosabella,Bellefonte,rbellefonte1q@unesco.org,Genderqueer,77.228.17.17
64,Lucas,Konerding,lkonerding1r@bluehost.com,Male,230.32.115.59
65,Chad,Croyser,ccroyser1s@hud.gov,Male,133.109.26.41
66,Gerardo,Scarlin,gscarlin1t@vkontakte.ru,Male,127.187.166.232
67,Lamond,Scargle,lscargle1u@dropbox.com,Male,143.239.115.63
68,Man,Leinster,mleinster1v@dyndns.org,Male,140.218.214.189
69,Dre,Leyland,dleyland1w@microsoft.com,Genderqueer,149.240.248.21
70,Jenifer,Ferguson,jferguson1x@ameblo.jp,Female,153.36.172.60
71,Dore,Holdall,dholdall1y@ning.com,Female,141.102.16.191
72,Nomi,Wiggam,nwiggam1z@mail.ru,Female,183.29.246.222
73,Ediva,Grisbrook,egrisbrook20@columbia.edu,Female,68.63.109.243
74,Lea,Plumley,lplumley21@addtoany.com,Female,125.62.35.211
75,Athene,Tupie,atupie22@wufoo.com,Female,2.251.5.151
76,Ettore,Harness,eharness23@cnbc.com,Male,187.55.56.233
77,Carney,Vink,cvink24@senate.gov,Male,228.215.116.254
78,Roxine,Alfwy,ralfwy25@last.fm,Female,208.62.176.27
79,Sibilla,Chattey,schattey26@boston.com,Female,189.182.181.192
80,Lawton,Kilkenny,lkilkenny27@usgs.gov,Male,2.155.222.65
81,Vere,Zanetello,vzanetello28@dion.ne.jp,Polygender,34.14.13.188
82,Cello,Gounin,cgounin29@biblegateway.com,Male,246.54.25.104
83,Tove,Farmloe,tfarmloe2a@vk.com,Female,5.248.196.54
84,Ivie,Sprey,isprey2b@acquirethisname.com,Female,122.158.108.79
85,Lidia,Broske,lbroske2c@zimbio.com,Female,186.57.96.56
86,Gabbie,Pischoff,gpischoff2d@shinystat.com,Male,175.175.134.32
87,Wendeline,Guilloton,wguilloton2e@smugmug.com,Female,14.34.86.17
88,Corbett,Feely,cfeely2f@naver.com,Male,172.29.219.30
89,Zita,Drake,zdrake2g@bloomberg.com,Female,187.160.94.213
90,Maye,Kingsman,mkingsman2h@constantcontact.com,Female,109.125.209.18
91,Corri,Monson,cmonson2i@google.com.hk,Female,114.33.237.241
92,Danielle,Ivel,divel2j@reverbnation.com,Female,220.172.125.154
93,Boigie,Blewis,bblewis2k@sohu.com,Male,200.120.140.157
94,Jamaal,Duignan,jduignan2l@weather.com,Male,103.182.110.101
95,Mathilda,Zorzi,mzorzi2m@clickbank.net,Non-binary,153.206.143.200
96,Quinlan,Aish,qaish2n@guardian.co.uk,Male,22.239.159.117
97,Elinore,Gaynesford,egaynesford2o@sitemeter.com,Female,134.148.163.102
98,Fiona,Mundle,fmundle2p@pagesperso-orange.fr,Bigender,135.199.10.21
99,Tallulah,Winchcombe,twinchcombe2q@auda.org.au,Female,37.2.16.27
100,Bertine,Olligan,bolligan2r@google.nl,Agender,213.194.41.120
101,Sibelle,Ramplee,sramplee2s@va.gov,Female,14.214.180.244
102,Miguel,Fruin,mfruin2t@springer.com,Male,14.15.170.15
103,Karim,Hadgkiss,khadgkiss2u@1688.com,Male,191.71.56.79
104,Boonie,Dene,bdene2v@youtube.com,Male,34.176.31.66
105,Pernell,Livermore,plivermore2w@ehow.com,Male,3.20.88.68
106,Candy,Ovey,covey2x@umn.edu,Female,181.5.216.9
107,Matthus,Quare,mquare2y@51.la,Male,89.81.78.200
108,Lissi,Challenger,lchallenger2z@amazon.co.jp,Genderfluid,6.233.137.113
109,Wallie,Blunsden,wblunsden30@walmart.com,Male,110.1.102.32
110,Row,Rozalski,rrozalski31@un.org,Genderfluid,58.205.45.138
111,Audra,Gisby,agisby32@umn.edu,Bigender,163.31.178.124
112,Bradley,Risbridge,brisbridge33@oakley.com,Male,94.145.2.35
113,Danni,Schust,dschust34@eventbrite.com,Female,252.52.59.60
114,Merrielle,Rogge,mrogge35@xrea.com,Female,41.211.134.46
115,Daniella,Claremont,dclaremont36@webeden.co.uk,Female,254.0.173.18
116,Allyn,Lennon,alennon37@tiny.cc,Male,232.138.128.126
117,Claiborn,Jozef,cjozef38@blogtalkradio.com,Male,23.194.181.193
118,Nikos,Goom,ngoom39@kickstarter.com,Male,55.226.144.10
119,Katheryn,Kubu,kkubu3a@booking.com,Female,243.237.225.133
120,Reamonn,Sumner,rsumner3b@blog.com,Polygender,88.164.29.96
121,Codi,Pirt,cpirt3c@samsung.com,Female,234.126.116.81
122,Kris,Gilding,kgilding3d@topsy.com,Bigender,182.77.239.161
123,Sidonnie,Pummell,spummell3e@npr.org,Female,22.167.72.158
124,Moshe,Collyns,mcollyns3f@reuters.com,Male,143.102.78.255
125,Iago,Beaglehole,ibeaglehole3g@com.com,Male,83.124.220.208
126,Abraham,Todhunter,atodhunter3h@taobao.com,Male,25.91.71.104
127,Toby,Fawdrie,tfawdrie3i@reuters.com,Female,72.185.254.220
128,Tam,McLukie,tmclukie3j@cpanel.net,Male,73.95.255.40
129,Nichols,Tague,ntague3k@nasa.gov,Male,103.170.157.135
130,Estrella,Pedreschi,epedreschi3l@fc2.com,Female,212.202.79.158
131,Kassi,Ojeda,kojeda3m@cocolog-nifty.com,Female,110.10.107.45
132,Davide,Ilieve,dilieve3n@sfgate.com,Male,100.14.61.64
133,Natalya,Reddy,nreddy3o@geocities.jp,Female,155.59.35.226
134,Yves,Jacobovitch,yjacobovitch3p@elegantthemes.com,Polygender,118.113.188.65
135,Ibrahim,Grubbe,igrubbe3q@businessinsider.com,Male,4.133.95.192
136,Gerry,Lyttle,glyttle3r@newyorker.com,Female,137.81.63.147
137,Antonino,Kebbell,akebbell3s@wordpress.org,Male,93.203.50.164
138,Bobby,O'Tuohy,botuohy3t@cnet.com,Agender,249.210.4.101
139,Catha,Wooton,cwooton3u@fda.gov,Bigender,132.196.254.187
140,Curr,Draijer,cdraijer3v@washington.edu,Male,94.255.223.73
141,Marlena,Cicchitello,mcicchitello3w@domainmarket.com,Female,215.164.50.152
142,Brandise,Guisler,bguisler3x@arizona.edu,Female,63.137.45.147
143,Ransell,Purvess,rpurvess3y@shop-pro.jp,Male,167.172.90.222
144,Moe,Mizen,mmizen3z@ft.com,Male,132.11.182.76
145,Melesa,Bellard,mbellard40@vimeo.com,Female,63.221.85.25
146,Tersina,Broadway,tbroadway41@woothemes.com,Genderfluid,162.213.157.146
147,Hermine,Fowlestone,hfowlestone42@senate.gov,Female,7.114.40.190
148,Johny,Chittleburgh,jchittleburgh43@examiner.com,Male,196.96.148.101
149,Orion,Blockley,oblockley44@google.cn,Male,104.98.230.73
150,Crystal,Esch,cesch45@eventbrite.com,Female,21.195.129.83
151,Dorothea,O'Noland,donoland46@nydailynews.com,Female,246.59.176.253
152,Salim,Backshill,sbackshill47@ft.com,Male,16.65.189.66
153,Nevile,Southwood,nsouthwood48@shop-pro.jp,Male,206.191.6.45
154,Abram,Meates,ameates49@ca.gov,Male,139.77.164.114
155,Verla,Roly,vroly4a@boston.com,Female,25.70.205.135
156,Obie,Ridsdale,oridsdale4b@nytimes.com,Male,95.175.126.184
157,Collette,Hucklesby,chucklesby4c@msu.edu,Female,62.60.54.95
158,Keane,MacDaid,kmacdaid4d@jimdo.com,Male,97.203.153.170
159,Mikkel,Bewlay,mbewlay4e@oaic.gov.au,Male,94.85.73.162
160,Juditha,Biddy,jbiddy4f@sourceforge.net,Female,186.85.42.33
161,Bidget,Gasquoine,bgasquoine4g@unc.edu,Female,44.13.38.5
162,Simmonds,Robillard,srobillard4h@newyorker.com,Male,101.195.27.59
163,Toby,Goodinson,tgoodinson4i@google.fr,Male,243.122.141.242
164,Caroline,Doxey,cdoxey4j@meetup.com,Female,64.208.5.111
165,Ramsey,Roden,rroden4k@omniture.com,Male,23.75.252.214
166,Heida,Crankhorn,hcrankhorn4l@gnu.org,Non-binary,74.227.33.162
167,Gonzalo,Andrioni,gandrioni4m@hibu.com,Male,160.123.61.151
168,Leanor,Barabich,lbarabich4n@opensource.org,Female,34.130.109.199
169,Beatrice,Scoterbosh,bscoterbosh4o@senate.gov,Female,42.178.80.28
170,Sibley,Darlington,sdarlington4p@skype.com,Female,126.30.177.22
171,Rosalinda,Jerrolt,rjerrolt4q@vinaora.com,Female,174.26.215.203
172,Penrod,Feak,pfeak4r@wiley.com,Male,196.80.111.52
173,Massimo,Masser,mmasser4s@twitter.com,Male,163.83.193.224
174,Fair,Boshell,fboshell4t@printfriendly.com,Male,114.123.131.78
175,Cayla,Cruise,ccruise4u@ustream.tv,Female,104.119.176.43
176,Ericha,Frisby,efrisby4v@slate.com,Female,68.42.183.132
177,Swen,Peiser,speiser4w@booking.com,Male,223.145.127.98
178,Ode,Warman,owarman4x@canalblog.com,Polygender,94.125.226.130
179,Cirilo,Gerardin,cgerardin4y@google.nl,Male,159.55.106.108
180,Ferrell,Dudill,fdudill4z@facebook.com,Bigender,167.8.132.26
181,Della,Bolter,dbolter50@cam.ac.uk,Female,43.82.229.95
182,Marja,Chaffer,mchaffer51@foxnews.com,Female,134.139.25.148
183,Bennie,Byles,bbyles52@bbc.co.uk,Female,159.235.172.187
184,Cory,Aylott,caylott53@myspace.com,Male,238.115.126.169
185,Reina,Wabe,rwabe54@huffingtonpost.com,Agender,139.241.69.217
186,Robb,Boag,rboag55@nba.com,Male,225.27.255.77
187,Floyd,Jewkes,fjewkes56@diigo.com,Male,130.255.137.119
188,Karlen,Czajkowska,kczajkowska57@surveymonkey.com,Female,56.244.51.47
189,Alister,Ellsom,aellsom58@360.cn,Male,253.11.124.46
190,Zollie,Presland,zpresland59@adobe.com,Male,253.242.3.176
191,Emmalynn,Yter,eyter5a@topsy.com,Bigender,249.34.14.63
192,Lilian,Tibbotts,ltibbotts5b@desdev.cn,Female,112.76.148.121
193,Barnard,Lee,blee5c@miibeian.gov.cn,Male,17.19.237.139
194,Holt,Arondel,harondel5d@ihg.com,Male,154.249.97.214
195,Julissa,Aleevy,jaleevy5e@com.com,Female,192.240.72.223
196,Lindy,Hamelyn,lhamelyn5f@live.com,Female,79.122.219.213
197,Inge,Dubery,idubery5g@unc.edu,Female,225.238.84.89
198,Abbie,Spensly,aspensly5h@nbcnews.com,Agender,55.31.158.245
199,Nichol,Yushmanov,nyushmanov5i@shutterfly.com,Female,236.137.242.228
200,Dayle,McAvey,dmcavey5j@hc360.com,Female,161.155.142.173
201,Ami,Brook,abrook5k@acquirethisname.com,Female,92.221.236.187
202,Price,Elleray,pelleray5l@wordpress.com,Male,84.11.166.2
203,Howey,Lyptratt,hlyptratt5m@yahoo.co.jp,Male,198.131.166.34
204,Ynez,Ranner,yranner5n@timesonline.co.uk,Female,143.73.14.200
205,Jaymie,Janik,jjanik5o@histats.com,Male,97.150.4.241
206,Dilan,Poolton,dpoolton5p@lycos.com,Male,3.13.161.213
207,Jessie,Seaward,jseaward5q@hexun.com,Female,224.5.187.220
208,Evie,Membry,emembry5r@amazonaws.com,Female,220.28.22.95
209,Vivienne,McGrouther,vmcgrouther5s@jalbum.net,Female,26.40.108.53
210,Edan,Fonte,efonte5t@homestead.com,Male,188.205.157.39
211,Willey,Newlands,wnewlands5u@amazon.co.jp,Polygender,37.246.121.55
212,Jennilee,Ferrulli,jferrulli5v@ucoz.ru,Female,100.223.105.191
213,Pepita,Schleicher,pschleicher5w@plala.or.jp,Polygender,220.195.108.54
214,Maurice,Jennaroy,mjennaroy5x@gravatar.com,Male,81.98.209.82
215,Deanna,Melburg,dmelburg5y@moonfruit.com,Female,198.151.97.66
216,Gasparo,Ellacott,gellacott5z@exblog.jp,Male,49.27.54.199
217,Hermine,Brunone,hbrunone60@amazon.co.uk,Female,58.7.215.230
218,Dixie,Nolda,dnolda61@acquirethisname.com,Female,100.26.168.58
219,Kristal,Reddell,kreddell62@odnoklassniki.ru,Female,87.49.218.144
220,Dick,Marion,dmarion63@engadget.com,Male,236.141.162.196
221,Giffie,Pybworth,gpybworth64@reddit.com,Male,136.148.141.253
222,Upton,Studdert,ustuddert65@apple.com,Male,167.64.241.6
223,Bogart,Foynes,bfoynes66@bizjournals.com,Male,74.123.179.246
224,Hollie,Adami,hadami67@hostgator.com,Female,173.45.97.125
225,Dana,Capeling,dcapeling68@github.com,Male,89.175.135.85
226,Clark,Mooring,cmooring69@guardian.co.uk,Male,12.167.156.134
227,Edlin,Renzo,erenzo6a@slate.com,Male,56.74.67.71
228,Slade,Ibel,sibel6b@macromedia.com,Male,31.182.27.231
229,Levi,Peniman,lpeniman6c@joomla.org,Male,160.16.130.253
230,Artair,Sandes,asandes6d@furl.net,Male,254.126.8.71
231,Sterling,McKeevers,smckeevers6e@eepurl.com,Male,226.101.114.101
232,Reggy,Scarr,rscarr6f@usnews.com,Male,11.137.125.244
233,Theo,Parlot,tparlot6g@house.gov,Male,126.72.238.180
234,Alie,Bence,abence6h@linkedin.com,Female,180.162.190.123
235,Denise,Lippiello,dlippiello6i@craigslist.org,Genderqueer,35.107.136.121
236,Bette,Tames,btames6j@godaddy.com,Female,55.214.201.166
237,Amandie,Ashment,aashment6k@harvard.edu,Female,153.53.76.100
238,Riane,Balma,rbalma6l@utexas.edu,Female,34.220.107.15
239,Natasha,Kenna,nkenna6m@aboutads.info,Female,143.37.74.88
240,Oliviero,MacMurray,omacmurray6n@narod.ru,Male,85.212.42.78
241,Wes,De Bellis,wdebellis6o@squarespace.com,Male,192.135.212.230
242,Ruthanne,Grannell,rgrannell6p@themeforest.net,Female,12.234.28.4
243,Mathilda,Bayns,mbayns6q@hhs.gov,Female,249.74.212.134
244,Donovan,Sowerbutts,dsowerbutts6r@multiply.com,Male,176.239.18.7
245,Valaria,Duggon,vduggon6s@upenn.edu,Female,36.204.178.245
246,Mahalia,Strippling,mstrippling6t@flickr.com,Female,120.140.10.20
247,Kassie,Debenham,kdebenham6u@icq.com,Female,98.219.194.53
248,Lyman,Millam,lmillam6v@sogou.com,Male,88.134.113.134
249,Jackie,Guidini,jguidini6w@microsoft.com,Male,204.104.22.115
250,Winni,Menco,wmenco6x@t-online.de,Female,93.31.22.70
251,Jeramie,Lange,jlange6y@senate.gov,Male,32.32.186.150
252,Bren,Ohlsen,bohlsen6z@ocn.ne.jp,Female,194.211.175.5
253,Stacie,Lacoste,slacoste70@symantec.com,Female,31.25.47.136
254,Jackson,Menguy,jmenguy71@hugedomains.com,Male,158.165.14.160
255,Carlin,Dikle,cdikle72@washingtonpost.com,Male,46.150.87.97
256,Beryle,Groom,bgroom73@flavors.me,Female,88.116.67.137
257,Catlin,Taberer,ctaberer74@comsenz.com,Female,186.164.50.254
258,Peadar,Justham,pjustham75@goodreads.com,Male,44.80.230.227
259,Daffie,Yurukhin,dyurukhin76@blog.com,Female,166.38.227.37
260,Lilla,Bernat,lbernat77@google.it,Female,101.202.124.159
261,Lynett,Gallegos,lgallegos78@joomla.org,Female,74.148.140.19
262,Shelli,Jaskiewicz,sjaskiewicz79@nydailynews.com,Polygender,96.236.10.15
263,Jo-ann,Pitt,jpitt7a@state.tx.us,Female,162.85.208.19
264,Ginnifer,Blitz,gblitz7b@tuttocitta.it,Female,250.93.120.88
265,Jase,Doubrava,jdoubrava7c@simplemachines.org,Male,231.79.14.179
266,Bev,Cannicott,bcannicott7d@jigsy.com,Male,99.14.61.24
267,Kerry,Delagnes,kdelagnes7e@time.com,Male,216.216.173.87
268,Early,Toovey,etoovey7f@chronoengine.com,Male,161.181.18.212
269,Woodie,Balchin,wbalchin7g@ucla.edu,Male,23.252.209.195
270,Drake,McKevin,dmckevin7h@earthlink.net,Male,145.49.184.51
271,Tirrell,Staziker,tstaziker7i@miibeian.gov.cn,Male,45.97.118.131
272,Tami,Brownsword,tbrownsword7j@google.nl,Female,241.11.30.169
273,Myrah,Huggill,mhuggill7k@yolasite.com,Agender,223.224.43.78
274,Star,Schinetti,sschinetti7l@flavors.me,Female,29.56.209.4
275,Ellwood,Reyner,ereyner7m@gov.uk,Male,149.171.71.227
276,Arnuad,Brereton,abrereton7n@1und1.de,Male,178.9.231.42
277,Pattin,Jest,pjest7o@earthlink.net,Male,171.85.196.61
278,Norrie,Rosenwasser,nrosenwasser7p@smh.com.au,Male,112.166.213.42
279,Val,Hartlebury,vhartlebury7q@printfriendly.com,Male,50.244.188.78
280,Ralina,Beckenham,rbeckenham7r@arizona.edu,Female,218.46.62.147
281,Maryjo,Fundell,mfundell7s@spotify.com,Genderfluid,233.242.213.28
282,Cissiee,Sibbet,csibbet7t@last.fm,Female,169.241.164.139
283,Doloritas,Ions,dions7u@nymag.com,Female,171.146.234.30
284,Jeremie,Pincked,jpincked7v@stumbleupon.com,Male,147.200.164.57
285,Meggy,Sigert,msigert7w@comsenz.com,Female,225.205.247.57
286,Harcourt,Haggerston,hhaggerston7x@businessinsider.com,Male,58.0.252.134
287,Newton,Dyers,ndyers7y@mlb.com,Male,253.243.233.17
288,Shane,Burnes,sburnes7z@sfgate.com,Male,185.71.146.60
289,Nickie,Jako,njako80@bloglines.com,Male,167.141.91.224
290,Mohandas,Peattie,mpeattie81@narod.ru,Male,173.228.134.24
291,Carr,Maddison,cmaddison82@bloglines.com,Male,65.244.245.157
292,Thatch,Schuler,tschuler83@delicious.com,Bigender,196.125.206.207
293,Briney,Knipe,bknipe84@surveymonkey.com,Female,215.133.75.177
294,Doro,Van der Brugge,dvanderbrugge85@com.com,Female,27.103.47.210
295,Davin,Mathew,dmathew86@mlb.com,Male,127.244.19.55
296,Hilde,Collingham,hcollingham87@webnode.com,Female,34.123.92.21
297,Saw,Spoor,sspoor88@ycombinator.com,Male,247.60.45.254
298,Horatius,Milner,hmilner89@unblog.fr,Male,228.245.225.18
299,Vidovic,Dyers,vdyers8a@spiegel.de,Male,190.121.7.98
300,Raff,Gibben,rgibben8b@google.pl,Male,201.108.20.208
301,Mattie,Wheelan,mwheelan8c@angelfire.com,Male,122.143.42.159
302,Sascha,Arnholtz,sarnholtz8d@dagondesign.com,Male,148.47.91.77
303,Melvyn,Almeida,malmeida8e@free.fr,Male,230.175.109.245
304,Tobit,Kinnerley,tkinnerley8f@java.com,Genderfluid,98.245.132.154
305,Stanislaw,Shakshaft,sshakshaft8g@ihg.com,Polygender,128.124.92.120
306,Annmarie,Waslin,awaslin8h@cbc.ca,Female,86.31.43.188
307,Modestine,Haycroft,mhaycroft8i@linkedin.com,Female,170.163.183.131
308,Leanor,Piddington,lpiddington8j@devhub.com,Female,5.221.212.141
309,Joannes,Pes,jpes8k@acquirethisname.com,Bigender,73.146.244.2
310,Valentia,Cuffley,vcuffley8l@opera.com,Female,47.179.220.120
311,Rhett,Slayford,rslayford8m@bandcamp.com,Male,243.140.198.9
312,Mignonne,Velez,mvelez8n@msn.com,Female,107.117.243.83
313,Alejandra,Ketchen,aketchen8o@gizmodo.com,Agender,64.68.238.161
314,Alexandr,MacKnight,amacknight8p@photobucket.com,Male,201.108.182.66
315,Norina,Pidgeon,npidgeon8q@desdev.cn,Female,153.228.208.151
316,Una,Eisold,ueisold8r@friendfeed.com,Female,193.142.63.156
317,Thomasin,Belbin,tbelbin8s@theguardian.com,Female,136.224.163.87
318,Iorgos,Rawcliff,irawcliff8t@upenn.edu,Male,222.139.18.33
319,Maisie,Tombs,mtombs8u@naver.com,Female,114.190.14.149
320,Cleveland,Heibel,cheibel8v@trellian.com,Male,95.26.95.173
321,Alano,Dumphries,adumphries8w@businessinsider.com,Male,35.81.28.30
322,Zachery,Raeburn,zraeburn8x@arizona.edu,Male,112.110.172.161
323,Bern,Escot,bescot8y@livejournal.com,Male,209.251.135.119
324,Berthe,Penk,bpenk8z@e-recht24.de,Female,145.145.254.175
325,Norina,Meardon,nmeardon90@godaddy.com,Female,138.173.174.165
326,Melloney,Piesold,mpiesold91@quantcast.com,Female,54.184.12.6
327,Mildrid,Darkin,mdarkin92@cornell.edu,Female,206.77.88.219
328,Theodosia,Bruton,tbruton93@google.it,Polygender,120.77.135.219
329,Samson,Danelutti,sdanelutti94@webnode.com,Male,187.113.142.62
330,Niki,Bodle,nbodle95@friendfeed.com,Male,202.130.242.32
331,Lois,Rapaport,lrapaport96@flickr.com,Female,77.16.110.63
332,Clovis,Branch,cbranch97@feedburner.com,Female,255.220.243.14
333,Corby,Fenck,cfenck98@craigslist.org,Male,18.41.156.85
334,Noell,Pontain,npontain99@dion.ne.jp,Bigender,163.120.220.216
335,Walther,Stert,wstert9a@abc.net.au,Male,105.121.140.125
336,Kin,Hallad,khallad9b@google.com.au,Male,120.187.165.119
337,Annaliese,Sapir,asapir9c@dyndns.org,Polygender,40.149.9.144
338,Kennett,Alastair,kalastair9d@boston.com,Male,2.172.173.110
339,Gerrilee,Abrahm,gabrahm9e@vinaora.com,Female,195.98.216.250
340,Bethena,Dack,bdack9f@e-recht24.de,Female,223.130.119.226
341,Percival,Gladstone,pgladstone9g@e-recht24.de,Male,128.250.20.167
342,Gertrud,Commuzzo,gcommuzzo9h@berkeley.edu,Female,92.22.69.9
343,Petronilla,Ellingworth,pellingworth9i@chronoengine.com,Female,227.31.127.22
344,Greg,Redmell,gredmell9j@boston.com,Male,61.160.23.8
345,Cooper,Bodsworth,cbodsworth9k@marriott.com,Male,178.223.54.164
346,Edmund,Praten,epraten9l@usa.gov,Male,95.25.82.50
347,Cchaddie,Mattsson,cmattsson9m@abc.net.au,Male,119.63.1.187
348,Silva,MacDermot,smacdermot9n@ucoz.ru,Female,201.12.209.164
349,Clarey,Fulton,cfulton9o@over-blog.com,Agender,0.207.121.240
350,Renae,Mander,rmander9p@163.com,Female,75.100.176.131
351,Whitney,Bidmead,wbidmead9q@foxnews.com,Male,194.83.123.1
352,Marcile,Togher,mtogher9r@time.com,Female,178.190.117.33
353,Ronni,Emlyn,remlyn9s@cisco.com,Female,153.64.185.207
354,Erinn,Lammin,elammin9t@ehow.com,Female,190.46.236.86
355,Carmel,Hardy,chardy9u@hhs.gov,Female,201.112.140.80
356,Rosco,Marchiso,rmarchiso9v@usda.gov,Male,148.219.213.201
357,Rossie,Deane,rdeane9w@hibu.com,Male,52.239.164.249
358,Rochette,Limpkin,rlimpkin9x@vkontakte.ru,Female,80.255.146.228
359,Maximilien,Pourvoieur,mpourvoieur9y@unesco.org,Male,56.247.236.140
360,Meredith,Gabbatt,mgabbatt9z@angelfire.com,Male,28.105.203.147
361,Wilfred,Lohmeyer,wlohmeyera0@webnode.com,Male,237.199.240.10
362,Aldrich,Cambling,acamblinga1@unblog.fr,Male,177.122.65.108
363,Lonnie,Fakeley,lfakeleya2@bloglines.com,Female,38.114.84.156
364,Andrew,Greetham,agreethama3@lulu.com,Male,14.40.167.22
365,Leela,Just,ljusta4@dailymail.co.uk,Female,193.105.120.213
366,Hollis,Grinter,hgrintera5@sohu.com,Male,23.143.133.215
367,Roch,Maylam,rmaylama6@simplemachines.org,Female,205.217.125.247
368,Colby,Oldknowe,coldknowea7@shinystat.com,Male,223.171.79.44
369,Cristen,Lessmare,clessmarea8@simplemachines.org,Female,201.142.225.125
370,Hedy,Scrymgeour,hscrymgeoura9@fema.gov,Female,181.1.215.196
371,Abbye,Willmore,awillmoreaa@alexa.com,Female,136.163.99.87
372,Teri,Wagge,twaggeab@who.int,Female,184.193.159.69
373,Felicdad,Pocknoll,fpocknollac@illinois.edu,Female,39.194.213.190
374,Astra,Lenaghen,alenaghenad@technorati.com,Female,212.23.42.208
375,Justin,Ishak,jishakae@unc.edu,Male,13.153.127.175
376,Yoshiko,Sumption,ysumptionaf@artisteer.com,Female,188.114.103.194
377,Dorie,Liddon,dliddonag@china.com.cn,Female,210.194.161.238
378,Vanda,Feander,vfeanderah@51.la,Female,67.106.73.129
379,Ellsworth,Teape,eteapeai@exblog.jp,Male,3.35.104.17
380,Katrine,Pingstone,kpingstoneaj@phpbb.com,Female,205.243.234.191
381,Cecil,Havill,chavillak@biglobe.ne.jp,Male,251.143.163.106
382,Gwendolen,Good,ggoodal@home.pl,Female,233.176.210.235
383,Freeland,Kirkness,fkirknessam@phpbb.com,Male,167.26.201.149
384,Conni,Douris,cdourisan@ebay.co.uk,Female,209.205.41.118
385,Hurley,Quincey,hquinceyao@microsoft.com,Male,165.43.249.148
386,Jen,Tulk,jtulkap@vinaora.com,Polygender,107.0.158.113
387,Staford,Fuggles,sfugglesaq@topsy.com,Male,223.176.119.105
388,Linnea,Olanda,lolandaar@fema.gov,Genderqueer,57.167.16.91
389,Ferdie,Flippelli,fflippellias@java.com,Male,8.90.228.171
390,Clemmie,Fittis,cfittisat@hhs.gov,Female,1.76.122.222
391,Gretal,Lonsbrough,glonsbroughau@csmonitor.com,Female,153.200.125.107
392,Isidore,Clubley,iclubleyav@flickr.com,Male,174.68.205.151
393,Alecia,Ramsell,aramsellaw@vk.com,Female,11.250.116.239
394,Packston,Joynes,pjoynesax@altervista.org,Male,203.252.26.255
395,Nanni,Gillbard,ngillbarday@desdev.cn,Female,238.202.55.225
396,Archaimbaud,Leggott,aleggottaz@vkontakte.ru,Male,162.152.54.104
397,Carline,Edgler,cedglerb0@illinois.edu,Female,223.197.150.56
398,Celestina,Kingescot,ckingescotb1@dropbox.com,Female,52.248.5.191
399,Franklin,Edgerley,fedgerleyb2@cbsnews.com,Male,165.60.64.217
400,Erwin,Dommersen,edommersenb3@youtube.com,Male,217.57.129.195
401,Rodd,Heinz,rheinzb4@nps.gov,Male,202.140.20.11
402,Benedetto,Langtree,blangtreeb5@ovh.net,Male,249.200.223.34
403,Wilmette,Tayspell,wtayspellb6@bing.com,Female,34.30.174.178
404,Barbara,Skayman,bskaymanb7@buzzfeed.com,Bigender,164.224.194.219
405,Archambault,Krystof,akrystofb8@artisteer.com,Male,70.36.88.70
406,Mirella,Galtone,mgaltoneb9@wikia.com,Female,55.175.189.33
407,Holmes,Casswell,hcasswellba@ocn.ne.jp,Male,144.234.251.146
408,Crissie,Ellar,cellarbb@google.de,Agender,26.132.246.3
409,Whitby,Endley,wendleybc@fema.gov,Male,21.219.14.127
410,Bette-ann,Morter,bmorterbd@topsy.com,Female,60.43.224.177
411,Nara,Boulter,nboulterbe@freewebs.com,Female,217.35.34.122
412,Jillian,Sedgwick,jsedgwickbf@upenn.edu,Female,133.122.52.3
413,Dominica,Powner,dpownerbg@acquirethisname.com,Female,203.185.252.44
414,Smith,Lyptrade,slyptradebh@arizona.edu,Male,60.120.50.175
415,Graig,Gibbens,ggibbensbi@noaa.gov,Male,101.214.34.137
416,Tamra,Davidek,tdavidekbj@businesswire.com,Female,56.168.82.219
417,Brand,Zellmer,bzellmerbk@independent.co.uk,Male,87.1.232.139
418,Austin,Downing,adowningbl@stumbleupon.com,Bigender,223.101.232.177
419,Pearl,Monelle,pmonellebm@hp.com,Agender,224.114.12.198
420,Felike,Armes,farmesbn@irs.gov,Male,167.7.86.174
421,Aurelea,Broggio,abroggiobo@dailymotion.com,Female,8.154.17.73
422,Saba,Tippin,stippinbp@facebook.com,Female,156.206.181.70
423,Benyamin,Carff,bcarffbq@netscape.com,Male,124.113.157.119
424,Dorris,Whordley,dwhordleybr@eepurl.com,Female,125.105.228.191
425,Rollie,Monshall,rmonshallbs@furl.net,Male,49.203.164.149
426,Graehme,Kharchinski,gkharchinskibt@toplist.cz,Male,154.241.87.213
427,Hedy,Feldhorn,hfeldhornbu@alexa.com,Female,84.70.41.72
428,Alix,Wylam,awylambv@bloglovin.com,Male,79.32.41.243
429,Constancia,Bateson,cbatesonbw@bigcartel.com,Female,105.253.239.86
430,Carol-jean,Baker,cbakerbx@liveinternet.ru,Female,170.83.185.192
431,Jory,Rentoll,jrentollby@clickbank.net,Male,225.253.93.9
432,Brigida,Barta,bbartabz@networksolutions.com,Female,190.215.8.152
433,Micky,Lundbech,mlundbechc0@cocolog-nifty.com,Female,23.91.218.159
434,Roger,Rowe,rrowec1@twitpic.com,Male,83.216.205.42
435,Elfreda,Driscoll,edriscollc2@4shared.com,Female,134.98.158.23
436,Monique,Stride,mstridec3@ucla.edu,Female,236.143.20.133
437,Thomasina,Belton,tbeltonc4@dropbox.com,Female,24.225.106.37
438,Kalie,Kidson,kkidsonc5@instagram.com,Female,79.45.28.201
439,Ame,Glasheen,aglasheenc6@acquirethisname.com,Female,96.31.182.163
440,Land,Crinage,lcrinagec7@scientificamerican.com,Male,188.167.212.201
441,Moises,Patemore,mpatemorec8@desdev.cn,Male,122.19.98.61
442,Bendite,Braywood,bbraywoodc9@networksolutions.com,Female,194.201.87.65
443,Gert,Sclater,gsclaterca@nationalgeographic.com,Female,200.206.19.24
444,Stafford,Kubes,skubescb@scientificamerican.com,Male,13.226.242.125
445,Alia,Clissell,aclissellcc@bbc.co.uk,Female,40.220.201.221
446,Aloysia,Linfoot,alinfootcd@mashable.com,Female,4.142.129.158
447,Bartholemy,Easbie,beasbiece@ebay.com,Male,233.202.50.195
448,Colene,Utteridge,cutteridgecf@1und1.de,Female,243.190.29.250
449,Loralee,Giamitti,lgiamitticg@jugem.jp,Female,76.135.137.225
450,Willie,Azema,wazemach@dyndns.org,Male,71.167.114.177
451,Constance,Tourne,ctourneci@merriam-webster.com,Female,24.49.96.102
452,Trude,Bosket,tbosketcj@freewebs.com,Female,224.49.168.225
453,Amabel,Blowne,ablowneck@wunderground.com,Bigender,28.18.217.149
454,Beulah,Ballinghall,bballinghallcl@example.com,Polygender,220.214.249.18
455,Inness,Guirard,iguirardcm@comcast.net,Male,120.130.130.16
456,Ulises,Bischoff,ubischoffcn@yale.edu,Male,63.112.68.113
457,Eve,Middle,emiddleco@elpais.com,Female,149.177.194.14
458,Inez,Slowcock,islowcockcp@arizona.edu,Female,154.142.188.178
459,Sigvard,Rawle,srawlecq@arizona.edu,Male,3.158.1.8
460,Jeniffer,Goulstone,jgoulstonecr@quantcast.com,Female,110.207.208.174
461,Benita,Minnis,bminniscs@narod.ru,Female,135.208.252.2
462,Pryce,Willshear,pwillshearct@spiegel.de,Male,103.220.25.59
463,Sena,Rosenfield,srosenfieldcu@ucoz.com,Genderqueer,253.235.156.191
464,Jo-anne,Earp,jearpcv@rediff.com,Female,243.12.39.248
465,L;urette,Vearncomb,lvearncombcw@storify.com,Agender,159.244.215.51
466,Hilario,Pidon,hpidoncx@ycombinator.com,Male,171.182.241.184
467,Adham,Maud,amaudcy@dot.gov,Male,27.18.154.62
468,Leanora,Brunon,lbrunoncz@omniture.com,Female,21.208.185.61
469,Sheila,McTerrelly,smcterrellyd0@spiegel.de,Bigender,83.194.137.61
470,Yorgos,Harmer,yharmerd1@mapy.cz,Male,129.10.241.207
471,Dominic,Aingell,daingelld2@hud.gov,Male,251.246.98.181
472,Arny,Andrejevic,aandrejevicd3@yelp.com,Male,221.35.130.176
473,Tracy,Marryatt,tmarryattd4@oracle.com,Male,89.68.143.59
474,Feodor,Kulas,fkulasd5@mlb.com,Male,17.110.3.197
475,Georgi,Glasman,gglasmand6@craigslist.org,Male,223.218.75.169
476,Abrahan,Brownsall,abrownsalld7@photobucket.com,Male,61.50.102.235
477,Taylor,Jirsa,tjirsad8@lycos.com,Male,124.242.213.254
478,Sadye,Edds,seddsd9@vimeo.com,Female,212.186.248.50
479,Angy,Ketteringham,aketteringhamda@toplist.cz,Polygender,100.250.83.153
480,Falito,Lambdon,flambdondb@last.fm,Non-binary,4.107.7.86
481,Vi,Dooler,vdoolerdc@fc2.com,Female,87.31.151.109
482,Inness,Meegan,imeegandd@tripod.com,Polygender,198.176.57.91
483,Michele,Marryatt,mmarryattde@pbs.org,Male,57.170.148.87
484,Graehme,Flatley,gflatleydf@csmonitor.com,Male,224.84.176.215
485,Andras,Cowitz,acowitzdg@skyrock.com,Male,177.105.109.174
486,Chrissie,Ashton,cashtondh@time.com,Female,255.149.153.114
487,Ellene,Faireclough,efairecloughdi@imageshack.us,Female,7.253.65.56
488,Viva,Worlidge,vworlidgedj@un.org,Bigender,194.153.178.84
489,Armstrong,Mynard,amynarddk@cocolog-nifty.com,Male,182.56.25.5
490,Fidelity,Fehner,ffehnerdl@meetup.com,Female,49.174.227.194
491,Shina,Layfield,slayfielddm@clickbank.net,Female,226.237.100.152
492,Lyda,Cribbott,lcribbottdn@chicagotribune.com,Female,196.78.10.199
493,Madonna,Flanaghan,mflanaghando@nydailynews.com,Female,26.89.29.251
494,Cinda,Nield,cnielddp@clickbank.net,Female,31.11.92.15
495,Frankie,Girardini,fgirardinidq@cocolog-nifty.com,Genderqueer,124.178.215.83
496,Erroll,Konertz,ekonertzdr@economist.com,Male,147.219.110.141
497,Benton,Satford,bsatfordds@drupal.org,Male,64.15.229.147
498,Nels,Lent,nlentdt@1688.com,Male,123.183.117.101
499,Sigvard,Rodden,sroddendu@unesco.org,Male,123.115.82.67
500,Chelsae,Coldbath,ccoldbathdv@myspace.com,Female,246.77.252.231
501,Scotty,Muller,smullerdw@wufoo.com,Male,68.6.126.157
502,Paulita,Burnsall,pburnsalldx@spiegel.de,Female,24.212.49.152
503,Janenna,Catford,jcatforddy@goo.gl,Female,152.29.176.4
504,Corbett,Willerstone,cwillerstonedz@seattletimes.com,Male,188.41.169.142
505,Giusto,Lafay,glafaye0@t-online.de,Male,122.213.72.253
506,Adi,Farndon,afarndone1@tripod.com,Female,177.103.202.92
507,Luci,Livoir,llivoire2@si.edu,Female,31.176.49.31
508,Sig,Prene,sprenee3@goo.ne.jp,Male,213.147.11.250
509,Vivianne,Schlagh,vschlaghe4@ifeng.com,Female,13.31.37.25
510,Tillie,Roebottom,troebottome5@naver.com,Female,129.57.250.134
511,Zulema,Grix,zgrixe6@nydailynews.com,Bigender,40.159.83.49
512,Riley,Hanning,rhanninge7@people.com.cn,Male,46.129.173.222
513,Marabel,Huckell,mhuckelle8@tinypic.com,Female,169.210.169.137
514,Iggy,Hallawell,ihallawelle9@blogs.com,Male,195.31.175.131
515,Payton,Bengoechea,pbengoecheaea@com.com,Male,81.23.241.118
516,Obed,Farherty,ofarhertyeb@github.com,Male,213.139.218.29
517,Timothy,Roddick,troddickec@buzzfeed.com,Male,210.107.216.83
518,Helga,Aleksandrev,haleksandreved@cnbc.com,Female,210.181.166.15
519,Alano,Ginnaly,aginnalyee@dyndns.org,Male,225.39.134.36
520,Jareb,Commucci,jcommuccief@moonfruit.com,Male,58.0.23.29
521,Collin,Biasioni,cbiasionieg@accuweather.com,Genderqueer,176.237.182.30
522,Clarey,Ivoshin,civoshineh@g.co,Female,113.37.196.152
523,Borg,Firle,bfirleei@creativecommons.org,Male,126.61.92.63
524,Astrid,Laxon,alaxonej@independent.co.uk,Female,73.231.190.57
525,Ringo,Lardier,rlardierek@twitpic.com,Male,64.71.213.182
526,Ty,Twidell,ttwidellel@paginegialle.it,Male,165.219.215.110
527,Klement,Sharrard,ksharrardem@indiegogo.com,Male,196.183.121.190
528,Winfred,Coombes,wcoombesen@cmu.edu,Male,48.232.49.47
529,Marget,Roon,mrooneo@blogtalkradio.com,Female,44.8.5.237
530,Raine,McGaraghan,rmcgaraghanep@freewebs.com,Female,166.19.243.68
531,Ambrosius,Rosenwasser,arosenwassereq@disqus.com,Male,113.233.22.230
532,Wynnie,Derle,wderleer@jugem.jp,Female,89.91.55.171
533,Kelwin,Brogiotti,kbrogiotties@wikipedia.org,Male,133.184.40.157
534,Julee,Greveson,jgrevesonet@sogou.com,Female,189.1.112.30
535,Rene,Greenley,rgreenleyeu@ucoz.com,Female,125.136.108.162
536,Vikky,Drysdall,vdrysdallev@ucoz.com,Female,109.83.169.0
537,Chevy,Udie,cudieew@studiopress.com,Male,115.160.76.40
538,Baryram,Thurborn,bthurbornex@tinyurl.com,Male,87.66.178.204
539,Sharleen,Crips,scripsey@webmd.com,Female,19.85.221.12
540,Nari,Chaperlin,nchaperlinez@slashdot.org,Female,95.115.251.95
541,Hayley,Gossop,hgossopf0@wikipedia.org,Female,36.86.243.53
542,Cassandra,Ingree,cingreef1@blogs.com,Female,30.164.231.196
543,Daisi,Roose,droosef2@fotki.com,Female,207.41.141.48
544,Pauly,Cammoile,pcammoilef3@msu.edu,Male,1.164.118.121
545,Wheeler,Mannin,wmanninf4@amazon.com,Male,84.110.148.138
546,Iago,Winson,iwinsonf5@si.edu,Male,175.64.225.19
547,Shannen,Giffen,sgiffenf6@forbes.com,Female,190.126.214.150
548,Kain,Whitcher,kwhitcherf7@photobucket.com,Male,187.91.20.2
549,Arlie,Antrack,aantrackf8@unicef.org,Female,223.183.237.41
550,Cedric,Farryann,cfarryannf9@is.gd,Male,173.90.231.255
551,Leanor,O' Timony,lotimonyfa@elegantthemes.com,Female,30.128.80.244
552,Lauraine,Whittlesea,lwhittleseafb@dyndns.org,Female,223.57.71.92
553,Neysa,Glassopp,nglassoppfc@hao123.com,Female,228.138.19.45
554,Ofella,Campos,ocamposfd@ask.com,Female,163.37.147.208
555,Rozella,Moody,rmoodyfe@baidu.com,Female,130.2.142.173
556,Kinsley,Rilton,kriltonff@alibaba.com,Male,67.85.239.48
557,Carlina,Benardet,cbenardetfg@engadget.com,Female,91.126.59.127
558,Buckie,Rappaport,brappaportfh@accuweather.com,Male,161.169.39.77
559,Delano,Donoghue,ddonoghuefi@last.fm,Male,147.21.184.83
560,Rakel,Poxton,rpoxtonfj@networksolutions.com,Female,106.39.167.96
561,Elsbeth,Prazor,eprazorfk@pinterest.com,Female,155.39.189.144
562,Stacee,Bouda,sboudafl@dell.com,Female,3.140.28.127
563,Daven,Litel,dlitelfm@statcounter.com,Male,250.161.206.31
564,Chas,Gleasane,cgleasanefn@samsung.com,Male,203.77.152.105
565,Neala,Evennett,nevennettfo@nyu.edu,Female,0.191.31.149
566,Siusan,Ossipenko,sossipenkofp@si.edu,Female,253.110.104.125
567,Kimberlee,Juszczak,kjuszczakfq@mtv.com,Female,11.249.132.75
568,Pembroke,Brettoner,pbrettonerfr@ycombinator.com,Male,11.40.197.136
569,Waly,Sandeford,wsandefordfs@cyberchimps.com,Female,74.238.80.224
570,Huntington,Oakey,hoakeyft@virginia.edu,Male,101.160.160.76
571,Evin,Oliva,eolivafu@github.com,Male,237.105.27.177
572,Lilllie,Blunn,lblunnfv@dailymotion.com,Female,132.36.175.26
573,Brenda,Lancashire,blancashirefw@cmu.edu,Female,155.254.109.2
574,Ardelle,Gleeson,agleesonfx@pagesperso-orange.fr,Female,200.72.152.96
575,Elyssa,Tolworthy,etolworthyfy@weebly.com,Agender,199.19.186.41
576,Ryann,McGann,rmcgannfz@fotki.com,Female,168.32.195.87
577,Dominga,Milbourne,dmilbourneg0@nymag.com,Bigender,75.171.32.15
578,Laural,Velti,lveltig1@fotki.com,Female,116.253.234.37
579,Janenna,Jira,jjirag2@tripod.com,Female,189.85.46.145
580,Ramsay,Chiverstone,rchiverstoneg3@arstechnica.com,Male,115.66.132.27
581,Laurence,Hunsworth,lhunsworthg4@devhub.com,Male,223.153.152.195
582,Stern,Wilks,swilksg5@gnu.org,Male,22.183.39.194
583,Quill,Lindermann,qlindermanng6@nps.gov,Male,219.128.36.15
584,Alanah,Sketh,askethg7@opensource.org,Female,242.73.239.241
585,Daphne,Lympany,dlympanyg8@mail.ru,Female,10.126.112.46
586,Geoff,Bennellick,gbennellickg9@blogs.com,Non-binary,100.148.205.193
587,Benedikta,Lezemere,blezemerega@webs.com,Female,229.121.159.160
588,Yancey,Simeoni,ysimeonigb@sfgate.com,Male,88.70.178.228
589,Dottie,Justice,djusticegc@nyu.edu,Female,253.229.180.220
590,Russ,Rigden,rrigdengd@amazon.com,Male,101.232.130.144
591,Clea,Hukin,chukinge@google.ca,Female,144.159.231.241
592,Evvy,Rumble,erumblegf@princeton.edu,Female,237.196.233.65
593,Xavier,Dyment,xdymentgg@msu.edu,Male,76.1.235.73
594,Gaylene,Doran,gdorangh@sciencedirect.com,Female,213.142.11.82
595,Addison,Lowmass,alowmassgi@nps.gov,Male,107.152.217.204
596,Gretel,Fife,gfifegj@cnet.com,Female,170.178.118.38
597,Freda,Woolis,fwoolisgk@ebay.com,Female,37.189.240.188
598,Weston,Mizzi,wmizzigl@mlb.com,Non-binary,151.176.196.62
599,Carmon,Ibert,cibertgm@deviantart.com,Female,44.122.231.138
600,Betteann,Yacobsohn,byacobsohngn@nyu.edu,Female,181.186.161.152
601,Johan,Blann,jblanngo@altervista.org,Male,0.37.61.205
602,Vonni,Belone,vbelonegp@dion.ne.jp,Female,38.235.164.20
603,Car,Stirton,cstirtongq@imageshack.us,Male,45.142.2.54
604,Aridatha,O'Sharkey,aosharkeygr@i2i.jp,Female,212.233.15.189
605,Bernelle,Buzzing,bbuzzinggs@wordpress.org,Female,62.154.249.54
606,Madelina,Norcliff,mnorcliffgt@usda.gov,Female,215.31.253.35
607,Drugi,Cuerdale,dcuerdalegu@shutterfly.com,Male,1.239.18.216
608,Lanette,Zamora,lzamoragv@mapquest.com,Female,79.94.239.0
609,Happy,Belderson,hbeldersongw@addthis.com,Female,157.157.94.244
610,Stormy,Nuth,snuthgx@newsvine.com,Female,120.238.81.6
611,Ardelis,Crafter,acraftergy@webeden.co.uk,Female,67.63.235.7
612,Ives,Dymidowicz,idymidowiczgz@discovery.com,Male,213.35.86.114
613,Peter,Flohard,pflohardh0@tiny.cc,Male,131.178.188.228
614,Dilly,Sirr,dsirrh1@msu.edu,Male,87.132.124.14
615,Danila,Middle,dmiddleh2@g.co,Female,165.121.250.152
616,Alexi,Hawkeridge,ahawkeridgeh3@admin.ch,Genderqueer,12.185.50.182
617,Marsh,Comettoi,mcomettoih4@tuttocitta.it,Genderfluid,188.129.45.251
618,Stanfield,Mangan,smanganh5@tmall.com,Male,156.39.170.225
619,Joanie,McCluney,jmccluneyh6@multiply.com,Female,90.52.179.155
620,Hershel,Batisse,hbatisseh7@ocn.ne.jp,Male,74.209.153.44
621,Ignacio,Cohr,icohrh8@samsung.com,Male,94.203.24.162
622,Thorndike,Crowley,tcrowleyh9@blogger.com,Male,248.107.233.37
623,Noach,Banaszkiewicz,nbanaszkiewiczha@webmd.com,Agender,220.199.34.103
624,Ebeneser,Kimberly,ekimberlyhb@wsj.com,Male,140.112.82.182
625,Guillaume,Andren,gandrenhc@timesonline.co.uk,Male,226.11.129.132
626,Tracey,Sawforde,tsawfordehd@bandcamp.com,Female,128.162.104.84
627,Durant,Caghan,dcaghanhe@joomla.org,Male,160.13.108.157
628,Minetta,Powelee,mpoweleehf@theguardian.com,Female,212.113.92.29
629,Candis,Shelbourne,cshelbournehg@163.com,Female,18.127.129.119
630,Klarrisa,Dinnis,kdinnishh@instagram.com,Agender,175.231.83.140
631,Rozina,Anyene,ranyenehi@census.gov,Female,60.170.92.204
632,Octavia,Lindenbaum,olindenbaumhj@tiny.cc,Female,109.110.174.221
633,Ulises,Blind,ublindhk@mlb.com,Male,175.36.74.61
634,Kanya,Keinrat,kkeinrathl@tiny.cc,Female,197.96.8.23
635,Betteanne,Limbourne,blimbournehm@time.com,Female,104.7.116.65
636,Clary,Ashenhurst,cashenhursthn@vimeo.com,Female,183.57.228.7
637,Noemi,Tiffin,ntiffinho@addthis.com,Female,238.191.120.179
638,Perry,Djekovic,pdjekovichp@google.nl,Female,14.37.31.10
639,Baryram,Glavias,bglaviashq@wikipedia.org,Male,19.87.236.54
640,Cobbie,Fairchild,cfairchildhr@xrea.com,Male,72.154.249.57
641,Boothe,Thornally,bthornallyhs@hc360.com,Male,197.149.86.90
642,Sinclair,Harrap,sharrapht@histats.com,Male,215.72.102.218
643,Kati,Pantone,kpantonehu@e-recht24.de,Female,185.124.254.76
644,Kristen,Iianon,kiianonhv@omniture.com,Agender,191.229.48.74
645,Alla,Heatlie,aheatliehw@time.com,Female,42.204.33.144
646,Micah,Raynham,mraynhamhx@mapy.cz,Male,65.163.185.114
647,Tiebold,Deighton,tdeightonhy@homestead.com,Male,95.62.57.19
648,Madge,Bool,mboolhz@icio.us,Female,76.249.67.155
649,Bill,Iveagh,biveaghi0@theglobeandmail.com,Male,41.40.54.136
650,Dukey,Watterson,dwattersoni1@npr.org,Male,200.75.246.174
651,Raleigh,Weldrick,rweldricki2@wp.com,Male,201.62.210.38
652,Milicent,Witherby,mwitherbyi3@nhs.uk,Female,184.174.246.198
653,Feliks,Juszczak,fjuszczaki4@ftc.gov,Male,232.97.147.3
654,Liuka,Cutting,lcuttingi5@t-online.de,Female,149.47.128.78
655,Caitlin,Spataro,cspataroi6@prnewswire.com,Female,253.13.126.112
656,Magdalena,Liddall,mliddalli7@storify.com,Female,237.39.206.77
657,Leeanne,Ralls,lrallsi8@ft.com,Female,254.132.95.200
658,Robinson,Brameld,rbrameldi9@webs.com,Male,59.195.26.3
659,Harry,Durrad,hdurradia@wp.com,Non-binary,97.162.190.233
660,Gwyneth,Gavrieli,ggavrieliib@phpbb.com,Female,173.30.198.129
661,Priscella,Stife,pstifeic@jugem.jp,Non-binary,138.154.40.33
662,Fifi,Scardifield,fscardifieldid@who.int,Female,144.197.5.249
663,Portie,Greaser,pgreaserie@usatoday.com,Male,186.27.31.100
664,Cross,Shearmer,cshearmerif@amazon.de,Non-binary,227.123.206.251
665,Ty,Fruish,tfruishig@wordpress.org,Male,113.88.31.210
666,Latrina,Capel,lcapelih@trellian.com,Female,43.151.244.21
667,Caitrin,Eady,ceadyii@amazonaws.com,Female,97.249.253.119
668,Debbi,Fosbraey,dfosbraeyij@netvibes.com,Female,82.163.136.208
669,Tillie,Whettleton,twhettletonik@senate.gov,Non-binary,159.101.158.160
670,Ash,Gozard,agozardil@wunderground.com,Male,33.160.195.131
671,Charissa,Bechley,cbechleyim@mac.com,Female,73.202.18.123
672,Broderic,Kalberer,bkalbererin@people.com.cn,Male,174.75.49.136
673,Elvis,Sywell,esywellio@eepurl.com,Male,50.183.8.32
674,Warner,Bogart,wbogartip@rambler.ru,Male,236.197.252.4
675,Trudie,Janouch,tjanouchiq@fastcompany.com,Female,6.1.162.200
676,Sayers,Verrall,sverrallir@amazonaws.com,Male,204.16.56.18
677,Kurt,Gottelier,kgottelieris@army.mil,Genderfluid,231.215.194.80
678,Uriel,Creevy,ucreevyit@de.vu,Male,185.68.159.59
679,Adele,Dripp,adrippiu@businessweek.com,Female,105.102.176.189
680,Avie,Godin,agodiniv@google.fr,Female,200.222.84.170
681,Frasier,Graffin,fgraffiniw@irs.gov,Male,59.126.212.193
682,Bucky,Diggles,bdigglesix@statcounter.com,Male,209.173.13.212
683,Hamish,Sancho,hsanchoiy@toplist.cz,Male,142.96.9.214
684,Samson,Dovidaitis,sdovidaitisiz@japanpost.jp,Male,197.124.52.161
685,Frazier,Valenta,fvalentaj0@sphinn.com,Male,60.199.16.138
686,Ada,Reubel,areubelj1@ftc.gov,Female,103.181.234.3
687,Florette,Gauvin,fgauvinj2@domainmarket.com,Female,216.126.10.54
688,Artie,Janning,ajanningj3@howstuffworks.com,Male,82.15.138.131
689,Harmony,Robertot,hrobertotj4@rediff.com,Female,189.180.7.173
690,Reinhold,Stoker,rstokerj5@a8.net,Bigender,132.230.174.162
691,Spense,Musico,smusicoj6@imdb.com,Agender,71.43.129.25
692,Norma,O'Cahill,nocahillj7@admin.ch,Female,51.37.231.49
693,Fabiano,Girardoni,fgirardonij8@ning.com,Male,205.227.81.45
694,Cello,Stuckford,cstuckfordj9@hexun.com,Male,237.235.98.210
695,Bev,Skully,bskullyja@moonfruit.com,Female,145.164.197.203
696,Benji,Claye,bclayejb@uiuc.edu,Male,83.70.198.213
697,Jeffrey,Kiggel,jkiggeljc@whitehouse.gov,Male,193.238.205.203
698,Shurlock,Perez,sperezjd@wordpress.com,Male,60.0.217.111
699,Helenelizabeth,Leeman,hleemanje@bluehost.com,Female,14.176.190.248
700,Ned,Cheasman,ncheasmanjf@etsy.com,Male,211.22.65.75
701,Shelia,Brigshaw,sbrigshawjg@bluehost.com,Female,37.97.219.108
702,Bartram,Shard,bshardjh@tamu.edu,Male,88.130.59.241
703,Bernita,Deacock,bdeacockji@sourceforge.net,Female,193.147.242.170
704,Gaylor,Battle,gbattlejj@artisteer.com,Male,12.157.161.51
705,Jobie,Brabbs,jbrabbsjk@ning.com,Female,121.201.142.182
706,Audrey,Blazeby,ablazebyjl@msu.edu,Female,160.191.57.34
707,Artur,McCarroll,amccarrolljm@washingtonpost.com,Male,44.93.57.15
708,Dorelle,Morbey,dmorbeyjn@dedecms.com,Agender,124.73.36.248
709,Sandye,Darben,sdarbenjo@wsj.com,Non-binary,120.33.124.185
710,Tate,Leaburn,tleaburnjp@wufoo.com,Male,202.72.43.142
711,Maximilien,Sturton,msturtonjq@guardian.co.uk,Male,228.16.230.210
712,Ludovico,Spring,lspringjr@blogger.com,Male,5.60.167.147
713,Ellerey,Shrigley,eshrigleyjs@arstechnica.com,Male,245.125.174.108
714,Jackson,Loosely,jlooselyjt@nymag.com,Male,51.197.39.54
715,Homerus,McCook,hmccookju@berkeley.edu,Male,129.175.30.72
716,Baron,Siemens,bsiemensjv@state.gov,Male,69.74.62.44
717,Boniface,Bogart,bbogartjw@nationalgeographic.com,Male,80.123.231.118
718,Wadsworth,Anfossi,wanfossijx@opensource.org,Male,112.53.11.207
719,Dina,Minett,dminettjy@dyndns.org,Female,223.100.63.63
720,Faber,Shevels,fshevelsjz@sun.com,Male,43.29.191.153
721,Thayne,Joy,tjoyk0@jimdo.com,Male,200.200.60.101
722,Bibbie,Pothergill,bpothergillk1@ifeng.com,Female,155.159.145.159
723,Gussi,Bedbury,gbedburyk2@npr.org,Female,247.10.198.195
724,Worth,Golt,wgoltk3@zimbio.com,Male,153.112.160.28
725,Stacee,Brinsden,sbrinsdenk4@examiner.com,Female,50.107.85.183
726,Dudley,Box,dboxk5@indiegogo.com,Male,171.60.133.46
727,Sissy,Wetherell,swetherellk6@nasa.gov,Polygender,62.86.180.183
728,Tybi,Wavell,twavellk7@hubpages.com,Female,14.128.189.228
729,Haily,Lochhead,hlochheadk8@wufoo.com,Female,156.45.173.69
730,Inger,Harnett,iharnettk9@wordpress.com,Male,26.79.229.111
731,Dwayne,Lowthorpe,dlowthorpeka@cnn.com,Male,245.27.128.106
732,Lyman,Girke,lgirkekb@devhub.com,Male,153.84.80.113
733,Coralyn,Doreward,cdorewardkc@bigcartel.com,Female,58.103.130.238
734,Zedekiah,Ram,zramkd@tuttocitta.it,Male,16.14.49.100
735,Bartolemo,Drieu,bdrieuke@tinypic.com,Male,57.34.149.156
736,Jan,Kalvin,jkalvinkf@imgur.com,Non-binary,187.116.97.199
737,Myrta,Manueau,mmanueaukg@storify.com,Female,63.117.104.141
738,Tedi,Szubert,tszubertkh@360.cn,Female,115.10.238.132
739,Lexis,Eddisforth,leddisforthki@ehow.com,Female,90.104.194.1
740,Heinrick,Sargood,hsargoodkj@comcast.net,Male,105.0.112.44
741,Cyrill,Vedikhov,cvedikhovkk@tiny.cc,Male,24.104.217.127
742,Neilla,Ducker,nduckerkl@wufoo.com,Female,126.158.226.188
743,Coral,Tradewell,ctradewellkm@example.com,Female,89.36.2.1
744,Thoma,Dickson,tdicksonkn@goo.ne.jp,Male,160.117.221.76
745,Jolie,Brandel,jbrandelko@webeden.co.uk,Female,36.192.230.50
746,Nikos,Filtness,nfiltnesskp@cafepress.com,Male,194.84.112.9
747,Charlean,Gilding,cgildingkq@domainmarket.com,Female,83.145.23.52
748,Rab,Simondson,rsimondsonkr@themeforest.net,Male,130.216.39.197
749,Ramona,Blare,rblareks@skyrock.com,Female,233.144.173.37
750,Dal,Whal,dwhalkt@friendfeed.com,Male,52.150.77.156
751,Horace,Goodacre,hgoodacreku@shutterfly.com,Male,74.85.116.174
752,Land,Chsteney,lchsteneykv@networkadvertising.org,Male,40.36.135.208
753,Amery,Skelbeck,askelbeckkw@aboutads.info,Male,67.226.193.104
754,Garrik,Tugman,gtugmankx@bloglines.com,Male,177.19.156.166
755,Claudell,Pallent,cpallentky@ning.com,Male,125.154.193.168
756,Benedikta,Saenz,bsaenzkz@sina.com.cn,Female,229.121.239.116
757,Lillian,Jakubovski,ljakubovskil0@google.ca,Female,225.136.131.27
758,Moshe,Crotty,mcrottyl1@yahoo.com,Male,41.218.255.172
759,Vale,Dummett,vdummettl2@ovh.net,Male,35.200.29.47
760,Tommie,Cashen,tcashenl3@cbsnews.com,Male,186.201.247.255
761,Billi,Borlease,bborleasel4@gmpg.org,Agender,84.13.145.93
762,Minnaminnie,Aloshkin,maloshkinl5@booking.com,Female,34.171.115.45
763,Stern,Belitz,sbelitzl6@lulu.com,Genderfluid,11.1.161.152
764,Cesar,Wintringham,cwintringhaml7@senate.gov,Male,51.117.111.181
765,Lemuel,Laingmaid,llaingmaidl8@alibaba.com,Male,129.229.217.214
766,Rosalynd,Rollitt,rrollittl9@yelp.com,Female,230.208.134.151
767,Rudiger,Corgenvin,rcorgenvinla@sciencedaily.com,Male,74.238.249.79
768,Kessia,Sales,ksaleslb@seattletimes.com,Polygender,246.37.226.243
769,Magda,Castana,mcastanalc@sciencedaily.com,Female,187.132.168.15
770,Fernando,Tinan,ftinanld@webmd.com,Male,205.93.40.39
771,Juanita,Everill,jeverillle@ucoz.com,Female,25.73.254.97
772,Niels,Wrennall,nwrennalllf@shinystat.com,Bigender,29.164.60.148
773,Waiter,Clearley,wclearleylg@cmu.edu,Male,147.106.8.237
774,Zarah,Moorhouse,zmoorhouselh@t-online.de,Female,246.140.67.113
775,Marna,Gregoire,mgregoireli@sciencedaily.com,Female,119.244.186.88
776,Peta,Rawsthorne,prawsthornelj@scientificamerican.com,Agender,164.247.226.131
777,Geneva,Mahady,gmahadylk@sogou.com,Female,170.161.253.125
778,Prisca,Gerbi,pgerbill@linkedin.com,Genderqueer,138.64.106.13
779,Daniela,Crummie,dcrummielm@mysql.com,Female,215.213.6.180
780,Marlowe,Tupman,mtupmanln@si.edu,Genderfluid,54.183.129.43
781,Ellerey,Halwill,ehalwilllo@whitehouse.gov,Male,80.94.199.118
782,Micaela,Briston,mbristonlp@wp.com,Female,174.24.246.240
783,Ham,Phidgin,hphidginlq@nih.gov,Male,189.183.64.52
784,Blair,Feakins,bfeakinslr@cbslocal.com,Female,95.117.255.31
785,Shannon,Skryne,sskrynels@hc360.com,Female,115.242.16.83
786,Jeff,Dreschler,jdreschlerlt@seesaa.net,Bigender,60.134.157.84
787,Griswold,Youster,gyousterlu@amazon.co.jp,Male,118.232.70.181
788,Tonie,Etoile,tetoilelv@bbc.co.uk,Female,34.98.115.157
789,Harley,Medford,hmedfordlw@ovh.net,Male,191.239.219.179
790,Morena,Rudkin,mrudkinlx@spotify.com,Female,133.24.66.23
791,Travus,Sneden,tsnedenly@usgs.gov,Male,207.57.127.186
792,Issie,Hewes,iheweslz@jalbum.net,Female,123.203.81.153
793,Agna,Lightning,alightningm0@psu.edu,Female,99.201.174.90
794,Zacharie,Pryn,zprynm1@spotify.com,Male,2.170.126.204
795,Avie,Lownes,alownesm2@cmu.edu,Female,138.123.120.63
796,Marlowe,Mungane,mmunganem3@samsung.com,Male,224.220.40.101
797,Laverne,Spoole,lspoolem4@intel.com,Female,33.221.214.157
798,Raleigh,Jiles,rjilesm5@topsy.com,Male,114.174.51.141
799,Tobe,Branscombe,tbranscombem6@europa.eu,Female,88.52.153.233
800,Manda,Mabson,mmabsonm7@qq.com,Female,131.1.188.171
801,Kimberli,de la Tremoille,kdelatremoillem8@webmd.com,Female,223.74.180.222
802,Caressa,Kisting,ckistingm9@pcworld.com,Bigender,62.170.138.194
803,Pate,Harpin,pharpinma@thetimes.co.uk,Male,158.176.107.200
804,Marj,Adanet,madanetmb@va.gov,Female,72.93.80.141
805,Linoel,Cashman,lcashmanmc@jugem.jp,Male,245.4.88.156
806,Clayton,Slocom,cslocommd@guardian.co.uk,Male,237.206.240.6
807,Marcellus,Paoletti,mpaolettime@amazon.co.jp,Male,6.45.253.243
808,Norine,Illwell,nillwellmf@latimes.com,Female,69.63.232.135
809,Jourdan,Piatek,jpiatekmg@mashable.com,Female,206.222.91.85
810,Hyacintha,Leon,hleonmh@earthlink.net,Female,117.170.177.113
811,Bil,Scripture,bscripturemi@who.int,Male,206.193.183.205
812,Teodoro,Petrasch,tpetraschmj@eventbrite.com,Male,136.144.10.13
813,Geralda,Curro,gcurromk@kickstarter.com,Bigender,162.23.94.127
814,Crosby,Jephcott,cjephcottml@sciencedirect.com,Male,92.93.8.254
815,Lamar,Ranyell,lranyellmm@nytimes.com,Male,140.84.110.247
816,Maje,Ortelt,morteltmn@usatoday.com,Male,86.183.5.109
817,Fleming,Rasor,frasormo@oracle.com,Male,48.244.34.68
818,Tomlin,Asche,taschemp@bigcartel.com,Male,32.10.18.134
819,Danie,Hawkins,dhawkinsmq@boston.com,Agender,14.209.22.109
820,Alasteir,Waterhous,awaterhousmr@bluehost.com,Bigender,55.128.144.123
821,Meggi,Grigoli,mgrigolims@cpanel.net,Female,250.116.6.223
822,Cherida,De Bernardis,cdebernardismt@qq.com,Female,141.46.108.144
823,Thorvald,Lynnett,tlynnettmu@dailymotion.com,Male,83.139.255.54
824,Dacia,Preuvost,dpreuvostmv@dmoz.org,Female,92.52.107.6
825,Helyn,Gear,hgearmw@redcross.org,Female,238.73.242.14
826,Millard,Pattrick,mpattrickmx@booking.com,Male,118.124.89.127
827,Pearla,Ashard,pashardmy@instagram.com,Female,233.243.47.126
828,Talbot,Mc Andrew,tmcandrewmz@un.org,Male,179.166.168.198
829,Mollie,Bensley,mbensleyn0@jugem.jp,Bigender,227.155.219.56
830,Brockie,Skones,bskonesn1@reuters.com,Male,196.246.146.134
831,Leupold,Rudeforth,lrudeforthn2@rakuten.co.jp,Male,170.180.34.211
832,Christabella,Dabner,cdabnern3@meetup.com,Female,243.179.139.179
833,Svend,Pocknoll,spocknolln4@nps.gov,Male,2.103.214.15
834,Aldus,Belitz,abelitzn5@washingtonpost.com,Male,228.83.54.173
835,Keven,Leary,klearyn6@sbwire.com,Male,32.16.114.13
836,Brockie,Tolfrey,btolfreyn7@huffingtonpost.com,Male,44.131.228.60
837,Hayyim,Piscotti,hpiscottin8@jalbum.net,Male,180.121.75.248
838,Alphonso,Cowthart,acowthartn9@printfriendly.com,Male,233.56.79.37
839,Leone,Pool,lpoolna@sphinn.com,Female,35.33.143.231
840,Min,Kettley,mkettleynb@indiatimes.com,Female,33.80.133.179
841,Babita,Matasov,bmatasovnc@sun.com,Female,103.211.222.98
842,Frederich,Ransome,fransomend@sciencedirect.com,Male,187.64.154.111
843,Vikky,Cullabine,vcullabinene@over-blog.com,Female,99.225.180.208
844,Merrielle,Berkowitz,mberkowitznf@mlb.com,Female,34.98.247.18
845,Edithe,Fredson,efredsonng@networksolutions.com,Female,228.180.19.22
846,Joly,Jacobowits,jjacobowitsnh@tamu.edu,Female,243.228.172.123
847,Sol,Hanaby,shanabyni@behance.net,Bigender,164.169.216.197
848,Tallulah,Killock,tkillocknj@cmu.edu,Bigender,158.136.30.129
849,Karlis,Howlin,khowlinnk@a8.net,Male,82.190.143.157
850,Charin,Creeber,ccreebernl@seesaa.net,Female,122.87.89.4
851,Bee,Tippell,btippellnm@wikimedia.org,Female,241.95.24.25
852,Ines,Sigmund,isigmundnn@reuters.com,Female,119.17.124.206
853,Georgeanne,Vannuccinii,gvannucciniino@columbia.edu,Female,47.149.87.218
854,Gilberta,Greder,ggredernp@pbs.org,Female,233.35.102.35
855,Jule,Veltmann,jveltmannnq@washingtonpost.com,Male,237.152.105.248
856,Shell,Berresford,sberresfordnr@domainmarket.com,Female,22.33.203.6
857,Roxie,Crow,rcrowns@php.net,Female,121.241.155.210
858,Ulrica,Yitzovitz,uyitzovitznt@w3.org,Female,206.82.32.79
859,Winifield,Shoemark,wshoemarknu@hao123.com,Male,9.115.173.6
860,Christoper,Nipper,cnippernv@booking.com,Male,250.205.188.188
861,Darb,Keeting,dkeetingnw@ft.com,Male,182.39.152.232
862,Isis,Scotchmoor,iscotchmoornx@psu.edu,Female,240.187.175.144
863,Doralin,Colecrough,dcolecroughny@de.vu,Female,45.170.159.171
864,Saunders,Hovel,shovelnz@youtu.be,Male,164.66.98.161
865,Anet,Fawcus,afawcuso0@ebay.com,Female,53.118.140.118
866,Blake,Hannon,bhannono1@nih.gov,Female,220.170.253.171
867,Moreen,Ruppertz,mruppertzo2@moonfruit.com,Female,224.119.78.232
868,Marlow,Ingle,mingleo3@uol.com.br,Male,114.157.22.82
869,Jorrie,Stolberg,jstolbergo4@weibo.com,Female,31.68.212.243
870,Zena,Ferroni,zferronio5@cnn.com,Female,214.140.142.196
871,Burton,Geffen,bgeffeno6@shutterfly.com,Male,185.228.251.233
872,Fax,Lysons,flysonso7@constantcontact.com,Male,48.156.83.226
873,Jorie,Middler,jmiddlero8@amazon.de,Agender,202.130.255.187
874,Tynan,Mc Corley,tmccorleyo9@ycombinator.com,Male,124.170.18.159
875,Albertina,Langdridge,alangdridgeoa@sfgate.com,Female,5.83.109.54
876,Bailey,Schinetti,bschinettiob@shareasale.com,Male,232.116.160.140
877,Phoebe,Speers,pspeersoc@godaddy.com,Female,52.116.34.65
878,Seamus,Ridett,sridettod@bing.com,Male,70.106.59.55
879,Stacie,Jedraszczyk,sjedraszczykoe@craigslist.org,Female,173.209.39.211
880,Kienan,Hintze,khintzeof@seattletimes.com,Male,229.95.44.0
881,Bailie,O'Loughnan,boloughnanog@yellowpages.com,Male,219.124.55.124
882,Luciana,Dalligan,ldalliganoh@mysql.com,Female,103.76.172.40
883,Witty,Suttaby,wsuttabyoi@tripadvisor.com,Male,155.118.114.99
884,Horace,Landells,hlandellsoj@vkontakte.ru,Genderqueer,242.24.124.157
885,Agatha,Bisset,abissetok@infoseek.co.jp,Female,245.61.145.202
886,Ado,Branford,abranfordol@google.ru,Male,59.40.50.61
887,Lavina,Dignon,ldignonom@eventbrite.com,Female,224.29.155.111
888,Rinaldo,Pregel,rpregelon@amazon.de,Male,172.32.130.21
889,Buckie,Byng,bbyngoo@smh.com.au,Male,158.244.193.172
890,Giselbert,Hearson,ghearsonop@businessweek.com,Male,37.187.184.64
891,Jameson,Pingston,jpingstonoq@studiopress.com,Male,219.211.41.135
892,Kerrie,Sambath,ksambathor@is.gd,Female,182.236.111.200
893,Berri,Bloxam,bbloxamos@howstuffworks.com,Female,117.100.167.208
894,Virge,Faulconer,vfaulconerot@nature.com,Male,123.168.162.18
895,Winfield,Calderon,wcalderonou@squarespace.com,Male,78.87.34.161
896,Karola,Wilmington,kwilmingtonov@soup.io,Female,195.217.228.101
897,Saunderson,Zammitt,szammittow@prlog.org,Male,143.183.17.49
898,Eugenius,Breznovic,ebreznovicox@aboutads.info,Male,154.36.45.255
899,Lindsay,Roakes,lroakesoy@bluehost.com,Female,239.254.185.23
900,Kahlil,June,kjuneoz@theglobeandmail.com,Male,214.12.195.8
901,Christy,Caley,ccaleyp0@about.com,Female,79.220.160.32
902,Delbert,Grafton,dgraftonp1@tuttocitta.it,Male,192.145.123.20
903,Zachariah,Uc,zucp2@topsy.com,Male,104.26.217.124
904,Nikola,Josefs,njosefsp3@reference.com,Genderfluid,50.107.42.96
905,Christophorus,Erangy,cerangyp4@google.de,Male,20.190.168.109
906,Darren,Bills,dbillsp5@rakuten.co.jp,Male,169.67.48.206
907,Silas,Camidge,scamidgep6@ftc.gov,Male,3.66.203.203
908,Nevile,Haney,nhaneyp7@hp.com,Male,205.236.189.11
909,Tuesday,Ripping,trippingp8@flickr.com,Female,188.54.193.204
910,Reynolds,Juan,rjuanp9@tinypic.com,Male,93.58.40.190
911,Jessika,Vigors,jvigorspa@zimbio.com,Female,205.84.5.21
912,Krista,Meegan,kmeeganpb@archive.org,Female,117.222.140.173
913,Arny,Beckey,abeckeypc@squidoo.com,Male,96.81.40.96
914,Rachel,Tonkinson,rtonkinsonpd@miitbeian.gov.cn,Female,140.148.250.32
915,Hewet,Kittredge,hkittredgepe@mit.edu,Male,27.0.69.85
916,Tommi,Van't Hoff,tvanthoffpf@vistaprint.com,Female,68.206.57.132
917,Sayers,Hollow,shollowpg@nsw.gov.au,Male,175.163.89.9
918,Kelvin,Chatain,kchatainph@alibaba.com,Male,156.135.166.217
919,Sigismund,Badrock,sbadrockpi@pinterest.com,Male,14.88.200.100
920,Alessandro,Addington,aaddingtonpj@chronoengine.com,Male,91.251.223.139
921,Jacquie,Whibley,jwhibleypk@dot.gov,Female,140.211.130.9
922,Starlin,Siveyer,ssiveyerpl@ox.ac.uk,Female,14.89.63.93
923,Ludvig,Beseke,lbesekepm@dedecms.com,Male,59.122.183.98
924,Tina,Yerill,tyerillpn@ovh.net,Female,221.53.231.174
925,Adan,Bonifacio,abonifaciopo@businessinsider.com,Male,35.171.155.38
926,Caryl,Wharby,cwharbypp@dailymotion.com,Male,101.29.239.37
927,Yule,Westberg,ywestbergpq@theguardian.com,Male,67.209.73.68
928,Brody,Anderton,bandertonpr@surveymonkey.com,Male,45.137.178.88
929,Pearla,Bromfield,pbromfieldps@cmu.edu,Female,1.104.41.151
930,Terese,Tolworth,ttolworthpt@youku.com,Female,52.111.114.111
931,Kerk,Brunotti,kbrunottipu@narod.ru,Male,40.117.8.28
932,Delilah,Muckle,dmucklepv@altervista.org,Female,68.39.79.66
933,Constantine,Carnson,ccarnsonpw@dyndns.org,Male,156.44.161.63
934,Axe,Eggleston,aegglestonpx@51.la,Male,172.20.214.123
935,Daren,Pitone,dpitonepy@instagram.com,Male,197.194.154.160
936,Rosella,Hawney,rhawneypz@artisteer.com,Female,214.181.37.4
937,Reed,Moryson,rmorysonq0@weebly.com,Male,13.159.74.52
938,Merralee,Cowpertwait,mcowpertwaitq1@google.com.br,Female,183.13.200.125
939,Dehlia,Adolfsen,dadolfsenq2@mtv.com,Female,12.232.68.168
940,Kipper,Le Grice,klegriceq3@ow.ly,Male,95.181.163.152
941,Quintin,Daysh,qdayshq4@mysql.com,Male,8.129.38.227
942,Inglebert,Gundry,igundryq5@spotify.com,Male,220.49.86.90
943,Shalom,Gennrich,sgennrichq6@wix.com,Male,148.226.252.251
944,Carlota,McGaw,cmcgawq7@nba.com,Female,89.186.20.160
945,Ruben,Daykin,rdaykinq8@biglobe.ne.jp,Male,247.17.178.105
946,Bealle,Ladloe,bladloeq9@people.com.cn,Non-binary,20.58.40.106
947,Gibby,Leadbitter,gleadbitterqa@nsw.gov.au,Male,208.19.214.168
948,Nikolaos,Maides,nmaidesqb@marriott.com,Male,120.51.77.45
949,Raviv,Heathcote,rheathcoteqc@paypal.com,Male,184.0.117.249
950,Henka,Haggidon,hhaggidonqd@e-recht24.de,Female,50.236.12.108
951,Benetta,Ganiclef,bganiclefqe@zimbio.com,Female,16.178.100.200
952,Hephzibah,Snadden,hsnaddenqf@yahoo.co.jp,Female,212.37.61.99
953,Xylia,Tussaine,xtussaineqg@yellowpages.com,Female,194.79.25.151
954,Paul,Parnby,pparnbyqh@whitehouse.gov,Male,254.68.139.133
955,Burnaby,Durbin,bdurbinqi@technorati.com,Male,53.175.25.118
956,Sarena,Wolver,swolverqj@newyorker.com,Female,154.163.205.109
957,Noemi,Cleef,ncleefqk@cnbc.com,Female,8.84.17.91
958,Kipp,Keaveney,kkeaveneyql@usnews.com,Male,77.153.32.241
959,Charin,Slegg,csleggqm@state.gov,Female,155.72.16.86
960,Delano,Turmall,dturmallqn@shareasale.com,Male,217.140.19.91
961,Wenona,Odam,wodamqo@wordpress.com,Female,120.244.236.168
962,George,Thaller,gthallerqp@tumblr.com,Male,217.243.239.1
963,Lexi,Dodridge,ldodridgeqq@mit.edu,Female,34.212.8.209
964,Ally,Qualtrough,aqualtroughqr@github.io,Female,56.50.180.216
965,Hephzibah,Teese,hteeseqs@mediafire.com,Female,152.65.211.174
966,Nicolas,Jinda,njindaqt@toplist.cz,Male,22.51.90.140
967,Cordula,Spencer,cspencerqu@google.com.hk,Female,241.174.229.176
968,Brynn,Blewmen,bblewmenqv@ibm.com,Bigender,192.202.71.24
969,Phylis,Belderson,pbeldersonqw@illinois.edu,Female,76.211.251.91
970,Claudius,Diamond,cdiamondqx@e-recht24.de,Bigender,131.138.103.215
971,Willie,Checo,wchecoqy@sina.com.cn,Male,102.23.93.211
972,Benoit,Fishbourne,bfishbourneqz@newyorker.com,Male,5.22.66.203
973,Bret,Handlin,bhandlinr0@theguardian.com,Male,35.46.81.203
974,Chrissy,Upstell,cupstellr1@odnoklassniki.ru,Male,219.189.80.112
975,Jennie,Douglass,jdouglassr2@hugedomains.com,Female,34.65.253.78
976,Judd,Duligal,jduligalr3@eepurl.com,Genderqueer,10.61.148.51
977,Shayla,Ewer,sewerr4@youtube.com,Female,48.75.78.254
978,Frannie,Koop,fkoopr5@java.com,Genderqueer,222.58.92.39
979,Leonanie,Kondrat,lkondratr6@guardian.co.uk,Female,242.249.190.43
980,Sherill,Vance,svancer7@clickbank.net,Agender,106.142.66.122
981,Bernard,Trewinnard,btrewinnardr8@netvibes.com,Male,7.22.205.102
982,Delphinia,Ruddoch,druddochr9@wiley.com,Female,58.115.165.215
983,Helsa,Fiddian,hfiddianra@woothemes.com,Female,70.33.3.243
984,Whit,Halsall,whalsallrb@tuttocitta.it,Male,126.204.129.84
985,Marnie,Cheverton,mchevertonrc@harvard.edu,Female,95.37.70.97
986,Brigham,Maharry,bmaharryrd@facebook.com,Male,33.170.229.228
987,Natale,Pouton,npoutonre@netvibes.com,Male,35.39.37.87
988,Isidor,Cunradi,icunradirf@china.com.cn,Male,77.123.39.145
989,Korie,Minchinton,kminchintonrg@zimbio.com,Female,87.120.80.40
990,Kyla,Salzberg,ksalzbergrh@nydailynews.com,Female,165.190.58.29
991,Bank,Duffil,bduffilri@csmonitor.com,Male,183.193.197.241
992,Nissy,Lewins,nlewinsrj@ebay.com,Female,150.89.149.114
993,Stinky,Gerrelt,sgerreltrk@nbcnews.com,Male,20.161.197.95
994,Mitchel,Kores,mkoresrl@pinterest.com,Male,79.81.217.216
995,Lynda,Girauld,lgirauldrm@nsw.gov.au,Female,223.229.228.153
996,Lucky,Ducroe,lducroern@themeforest.net,Female,104.117.208.85
997,Ida,Redbourn,iredbournro@elpais.com,Agender,29.218.193.181
998,Zebedee,Millichip,zmillichiprp@state.tx.us,Male,72.114.246.190
999,Leelah,Giercke,lgierckerq@godaddy.com,Female,239.66.241.103
1000,Rafe,Minshaw,rminshawrr@drupal.org,Male,222.160.79.96

