id,firstname,lastname,email,email2,profession
100,Liana,Jalbert,Liana.Jalbert@yopmail.com,Liana.Jalbert@gmail.com,worker
101,Imojean,Hoenack,Imojean.Hoenack@yopmail.com,Imojean.Hoenack@gmail.com,developer
102,Lorne,Gwenore,Lorne.Gwenore@yopmail.com,Lorne.Gwenore@gmail.com,firefighter
103,Dede,Ammann,Dede.Ammann@yopmail.com,Dede.Ammann@gmail.com,worker
104,Mara,Edmund,Mara.Edmund@yopmail.com,Mara.Edmund@gmail.com,police officer
105,Linet,Wilona,Linet.Wilona@yopmail.com,Linet.Wilona@gmail.com,police officer
106,Valli,Schalles,Valli.Schalles@yopmail.com,Valli.Schalles@gmail.com,developer
107,Meghann,Jobi,Meghann.Jobi@yopmail.com,Meghann.Jobi@gmail.com,doctor
108,Cordi,Loring,Cordi.Loring@yopmail.com,Cordi.Loring@gmail.com,doctor
109,Margalo,Clara,Margalo.Clara@yopmail.com,Margalo.Clara@gmail.com,developer
110,Maye,Pascia,Maye.Pascia@yopmail.com,Maye.Pascia@gmail.com,police officer
111,Livvyy,Malina,Livvyy.Malina@yopmail.com,Livvyy.Malina@gmail.com,doctor
112,Melanie,Yusuk,Melanie.Yusuk@yopmail.com,Melanie.Yusuk@gmail.com,police officer
113,Marline,Matthew,Marline.Matthew@yopmail.com,Marline.Matthew@gmail.com,developer
114,Leontine,Jammal,Leontine.Jammal@yopmail.com,Leontine.Jammal@gmail.com,firefighter
115,Marita,Ehrman,Marita.Ehrman@yopmail.com,Marita.Ehrman@gmail.com,police officer
116,Petronia,Mathilde,Petronia.Mathilde@yopmail.com,Petronia.Mathilde@gmail.com,firefighter
117,Evita,Dreda,Evita.Dreda@yopmail.com,Evita.Dreda@gmail.com,doctor
118,Maisey,Maribeth,Maisey.Maribeth@yopmail.com,Maisey.Maribeth@gmail.com,firefighter
119,Cacilie,Alice,Cacilie.Alice@yopmail.com,Cacilie.Alice@gmail.com,developer
120,Fanny,Middleton,Fanny.Middleton@yopmail.com,Fanny.Middleton@gmail.com,doctor
121,Morganica,Kamaria,Morganica.Kamaria@yopmail.com,Morganica.Kamaria@gmail.com,developer
122,Chickie,Milson,Chickie.Milson@yopmail.com,Chickie.Milson@gmail.com,firefighter
123,June,Guildroy,June.Guildroy@yopmail.com,June.Guildroy@gmail.com,doctor
124,Aili,Lunsford,Aili.Lunsford@yopmail.com,Aili.Lunsford@gmail.com,doctor
125,Yetty,Stanwood,Yetty.Stanwood@yopmail.com,Yetty.Stanwood@gmail.com,firefighter
126,Ariela,Mozelle,Ariela.Mozelle@yopmail.com,Ariela.Mozelle@gmail.com,firefighter
127,Elise,Warthman,Elise.Warthman@yopmail.com,Elise.Warthman@gmail.com,worker
128,Kimberley,Kaja,Kimberley.Kaja@yopmail.com,Kimberley.Kaja@gmail.com,police officer
129,Gerianna,Tippets,Gerianna.Tippets@yopmail.com,Gerianna.Tippets@gmail.com,police officer
130,Nikki,Orelee,Nikki.Orelee@yopmail.com,Nikki.Orelee@gmail.com,worker
131,Dyann,Shirberg,Dyann.Shirberg@yopmail.com,Dyann.Shirberg@gmail.com,firefighter
132,Rani,Gherardo,Rani.Gherardo@yopmail.com,Rani.Gherardo@gmail.com,police officer
133,Lexine,Kristi,Lexine.Kristi@yopmail.com,Lexine.Kristi@gmail.com,police officer
134,Beatriz,Percy,Beatriz.Percy@yopmail.com,Beatriz.Percy@gmail.com,worker
135,Winifred,Thar,Winifred.Thar@yopmail.com,Winifred.Thar@gmail.com,worker
136,Ethel,Alisia,Ethel.Alisia@yopmail.com,Ethel.Alisia@gmail.com,firefighter
137,Rosabelle,Cohdwell,Rosabelle.Cohdwell@yopmail.com,Rosabelle.Cohdwell@gmail.com,police officer
138,Lynnea,Sharl,Lynnea.Sharl@yopmail.com,Lynnea.Sharl@gmail.com,doctor
139,Bee,Aida,Bee.Aida@yopmail.com,Bee.Aida@gmail.com,firefighter
140,Shauna,Malanie,Shauna.Malanie@yopmail.com,Shauna.Malanie@gmail.com,doctor
141,Wilma,Edmund,Wilma.Edmund@yopmail.com,Wilma.Edmund@gmail.com,firefighter
142,Estell,Earlie,Estell.Earlie@yopmail.com,Estell.Earlie@gmail.com,doctor
143,Alleen,Bebe,Alleen.Bebe@yopmail.com,Alleen.Bebe@gmail.com,police officer
144,Dorene,Tyson,Dorene.Tyson@yopmail.com,Dorene.Tyson@gmail.com,firefighter
145,Arlena,Alrich,Arlena.Alrich@yopmail.com,Arlena.Alrich@gmail.com,worker
146,Mahalia,Skell,Mahalia.Skell@yopmail.com,Mahalia.Skell@gmail.com,developer
147,Nickie,Dorothy,Nickie.Dorothy@yopmail.com,Nickie.Dorothy@gmail.com,developer
148,Kristan,Arathorn,Kristan.Arathorn@yopmail.com,Kristan.Arathorn@gmail.com,firefighter
149,Katharina,Dearborn,Katharina.Dearborn@yopmail.com,Katharina.Dearborn@gmail.com,firefighter
150,Addia,Rosalba,Addia.Rosalba@yopmail.com,Addia.Rosalba@gmail.com,police officer
151,Rhoda,Paton,Rhoda.Paton@yopmail.com,Rhoda.Paton@gmail.com,police officer
152,Joane,Docilla,Joane.Docilla@yopmail.com,Joane.Docilla@gmail.com,worker
153,Cacilie,Arne,Cacilie.Arne@yopmail.com,Cacilie.Arne@gmail.com,police officer
154,Etta,Anton,Etta.Anton@yopmail.com,Etta.Anton@gmail.com,doctor
155,Shaylyn,Mullane,Shaylyn.Mullane@yopmail.com,Shaylyn.Mullane@gmail.com,worker
156,Netty,Magnolia,Netty.Magnolia@yopmail.com,Netty.Magnolia@gmail.com,developer
157,Gavrielle,Schalles,Gavrielle.Schalles@yopmail.com,Gavrielle.Schalles@gmail.com,firefighter
158,Starla,Jerold,Starla.Jerold@yopmail.com,Starla.Jerold@gmail.com,worker
159,Karolina,Hilbert,Karolina.Hilbert@yopmail.com,Karolina.Hilbert@gmail.com,developer
160,Max,Tyson,Max.Tyson@yopmail.com,Max.Tyson@gmail.com,doctor
161,Fanny,Liva,Fanny.Liva@yopmail.com,Fanny.Liva@gmail.com,firefighter
162,Jere,Wu,Jere.Wu@yopmail.com,Jere.Wu@gmail.com,police officer
163,Devina,Olympium,Devina.Olympium@yopmail.com,Devina.Olympium@gmail.com,doctor
164,Ada,Arvo,Ada.Arvo@yopmail.com,Ada.Arvo@gmail.com,worker
165,Brandise,Croix,Brandise.Croix@yopmail.com,Brandise.Croix@gmail.com,doctor
166,Charissa,Lynn,Charissa.Lynn@yopmail.com,Charissa.Lynn@gmail.com,doctor
167,Drucie,Seligman,Drucie.Seligman@yopmail.com,Drucie.Seligman@gmail.com,doctor
168,Linzy,Whittaker,Linzy.Whittaker@yopmail.com,Linzy.Whittaker@gmail.com,police officer
169,Zaria,Egbert,Zaria.Egbert@yopmail.com,Zaria.Egbert@gmail.com,developer
170,Kore,Dituri,Kore.Dituri@yopmail.com,Kore.Dituri@gmail.com,developer
171,Florencia,Jethro,Florencia.Jethro@yopmail.com,Florencia.Jethro@gmail.com,police officer
172,Margarette,Damarra,Margarette.Damarra@yopmail.com,Margarette.Damarra@gmail.com,police officer
173,Mariele,Medrek,Mariele.Medrek@yopmail.com,Mariele.Medrek@gmail.com,developer
174,Maurene,Faust,Maurene.Faust@yopmail.com,Maurene.Faust@gmail.com,doctor
175,Deloria,Ardra,Deloria.Ardra@yopmail.com,Deloria.Ardra@gmail.com,doctor
176,Pollyanna,Trinetta,Pollyanna.Trinetta@yopmail.com,Pollyanna.Trinetta@gmail.com,police officer
177,Janey,Bergman,Janey.Bergman@yopmail.com,Janey.Bergman@gmail.com,doctor
178,Lucille,Tippets,Lucille.Tippets@yopmail.com,Lucille.Tippets@gmail.com,doctor
179,Alisha,Dorine,Alisha.Dorine@yopmail.com,Alisha.Dorine@gmail.com,firefighter
180,Annaliese,Aaberg,Annaliese.Aaberg@yopmail.com,Annaliese.Aaberg@gmail.com,developer
181,Deloria,Saint,Deloria.Saint@yopmail.com,Deloria.Saint@gmail.com,firefighter
182,Damaris,Imelida,Damaris.Imelida@yopmail.com,Damaris.Imelida@gmail.com,police officer
183,Sibella,Dunkin,Sibella.Dunkin@yopmail.com,Sibella.Dunkin@gmail.com,doctor
184,Fred,Nelsen,Fred.Nelsen@yopmail.com,Fred.Nelsen@gmail.com,developer
185,Jinny,Dominy,Jinny.Dominy@yopmail.com,Jinny.Dominy@gmail.com,worker
186,Cherilyn,Dimitris,Cherilyn.Dimitris@yopmail.com,Cherilyn.Dimitris@gmail.com,developer
187,Letizia,Billye,Letizia.Billye@yopmail.com,Letizia.Billye@gmail.com,worker
188,Marita,Rodmann,Marita.Rodmann@yopmail.com,Marita.Rodmann@gmail.com,developer
189,Ileana,Mehalek,Ileana.Mehalek@yopmail.com,Ileana.Mehalek@gmail.com,developer
190,Dagmar,Tacye,Dagmar.Tacye@yopmail.com,Dagmar.Tacye@gmail.com,worker
191,Calla,Hanleigh,Calla.Hanleigh@yopmail.com,Calla.Hanleigh@gmail.com,worker
192,Libbie,Schlosser,Libbie.Schlosser@yopmail.com,Libbie.Schlosser@gmail.com,police officer
193,Bertine,Bates,Bertine.Bates@yopmail.com,Bertine.Bates@gmail.com,firefighter
194,Stacey,Bettine,Stacey.Bettine@yopmail.com,Stacey.Bettine@gmail.com,firefighter
195,Agathe,Ilka,Agathe.Ilka@yopmail.com,Agathe.Ilka@gmail.com,worker
196,Lyssa,Even,Lyssa.Even@yopmail.com,Lyssa.Even@gmail.com,police officer
197,Yvonne,Alejoa,Yvonne.Alejoa@yopmail.com,Yvonne.Alejoa@gmail.com,worker
198,Jillayne,Pelagias,Jillayne.Pelagias@yopmail.com,Jillayne.Pelagias@gmail.com,worker
199,Heida,Anselmi,Heida.Anselmi@yopmail.com,Heida.Anselmi@gmail.com,police officer
200,Jenda,Evangelia,Jenda.Evangelia@yopmail.com,Jenda.Evangelia@gmail.com,worker
201,Anallese,Docilla,Anallese.Docilla@yopmail.com,Anallese.Docilla@gmail.com,worker
202,Ginnie,Schalles,Ginnie.Schalles@yopmail.com,Ginnie.Schalles@gmail.com,doctor
203,Gisela,Dahlia,Gisela.Dahlia@yopmail.com,Gisela.Dahlia@gmail.com,doctor
204,Fina,Rese,Fina.Rese@yopmail.com,Fina.Rese@gmail.com,police officer
205,Hyacinthe,Diogenes,Hyacinthe.Diogenes@yopmail.com,Hyacinthe.Diogenes@gmail.com,developer
206,Daryl,Johnsson,Daryl.Johnsson@yopmail.com,Daryl.Johnsson@gmail.com,firefighter
207,Randa,Delp,Randa.Delp@yopmail.com,Randa.Delp@gmail.com,firefighter
208,Loree,Lasley,Loree.Lasley@yopmail.com,Loree.Lasley@gmail.com,worker
209,Odessa,Keelia,Odessa.Keelia@yopmail.com,Odessa.Keelia@gmail.com,developer
210,Zia,Henebry,Zia.Henebry@yopmail.com,Zia.Henebry@gmail.com,police officer
211,Ronna,Dom,Ronna.Dom@yopmail.com,Ronna.Dom@gmail.com,firefighter
212,Michaelina,Marcellus,Michaelina.Marcellus@yopmail.com,Michaelina.Marcellus@gmail.com,doctor
213,Berget,Garlinda,Berget.Garlinda@yopmail.com,Berget.Garlinda@gmail.com,worker
214,Cam,Whittaker,Cam.Whittaker@yopmail.com,Cam.Whittaker@gmail.com,doctor
215,Lesly,Ingra,Lesly.Ingra@yopmail.com,Lesly.Ingra@gmail.com,firefighter
216,Judy,Munn,Judy.Munn@yopmail.com,Judy.Munn@gmail.com,worker
217,Petronia,Pandolfi,Petronia.Pandolfi@yopmail.com,Petronia.Pandolfi@gmail.com,firefighter
218,Drucie,Hollingsworth,Drucie.Hollingsworth@yopmail.com,Drucie.Hollingsworth@gmail.com,police officer
219,Beverley,Persse,Beverley.Persse@yopmail.com,Beverley.Persse@gmail.com,police officer
220,Stacey,Couture,Stacey.Couture@yopmail.com,Stacey.Couture@gmail.com,worker
221,Cyb,Yam,Cyb.Yam@yopmail.com,Cyb.Yam@gmail.com,firefighter
222,Noelle,Wattenberg,Noelle.Wattenberg@yopmail.com,Noelle.Wattenberg@gmail.com,doctor
223,Kristan,Madox,Kristan.Madox@yopmail.com,Kristan.Madox@gmail.com,worker
224,Jere,Voletta,Jere.Voletta@yopmail.com,Jere.Voletta@gmail.com,firefighter
225,Myriam,Sammons,Myriam.Sammons@yopmail.com,Myriam.Sammons@gmail.com,doctor
226,Kimmy,Yusuk,Kimmy.Yusuk@yopmail.com,Kimmy.Yusuk@gmail.com,doctor
227,Beverley,Edvard,Beverley.Edvard@yopmail.com,Beverley.Edvard@gmail.com,doctor
228,Edith,Candy,Edith.Candy@yopmail.com,Edith.Candy@gmail.com,doctor
229,Nonnah,Kalinda,Nonnah.Kalinda@yopmail.com,Nonnah.Kalinda@gmail.com,developer
230,Carmencita,Urania,Carmencita.Urania@yopmail.com,Carmencita.Urania@gmail.com,police officer
231,Betta,Colleen,Betta.Colleen@yopmail.com,Betta.Colleen@gmail.com,worker
232,Taffy,Bluh,Taffy.Bluh@yopmail.com,Taffy.Bluh@gmail.com,firefighter
233,Corry,Rugen,Corry.Rugen@yopmail.com,Corry.Rugen@gmail.com,developer
234,Tybie,Levey,Tybie.Levey@yopmail.com,Tybie.Levey@gmail.com,police officer
235,Stephanie,My,Stephanie.My@yopmail.com,Stephanie.My@gmail.com,worker
236,Vevay,Gualtiero,Vevay.Gualtiero@yopmail.com,Vevay.Gualtiero@gmail.com,developer
237,Lynnea,Mich,Lynnea.Mich@yopmail.com,Lynnea.Mich@gmail.com,worker
238,Mady,Kermit,Mady.Kermit@yopmail.com,Mady.Kermit@gmail.com,worker
239,Caressa,Hessler,Caressa.Hessler@yopmail.com,Caressa.Hessler@gmail.com,worker
240,Eadie,Armanda,Eadie.Armanda@yopmail.com,Eadie.Armanda@gmail.com,worker
241,Ginnie,Ellord,Ginnie.Ellord@yopmail.com,Ginnie.Ellord@gmail.com,doctor
242,Tabbatha,Goldina,Tabbatha.Goldina@yopmail.com,Tabbatha.Goldina@gmail.com,developer
243,Chrystel,Croix,Chrystel.Croix@yopmail.com,Chrystel.Croix@gmail.com,worker
244,Nikki,Jefferey,Nikki.Jefferey@yopmail.com,Nikki.Jefferey@gmail.com,developer
245,Rosene,Tacye,Rosene.Tacye@yopmail.com,Rosene.Tacye@gmail.com,developer
246,Nita,Danby,Nita.Danby@yopmail.com,Nita.Danby@gmail.com,worker
247,Misha,Presber,Misha.Presber@yopmail.com,Misha.Presber@gmail.com,police officer
248,Antonietta,Colbert,Antonietta.Colbert@yopmail.com,Antonietta.Colbert@gmail.com,worker
249,Jillayne,Erminia,Jillayne.Erminia@yopmail.com,Jillayne.Erminia@gmail.com,doctor
250,Alex,Swigart,Alex.Swigart@yopmail.com,Alex.Swigart@gmail.com,police officer
251,Claudina,Haldas,Claudina.Haldas@yopmail.com,Claudina.Haldas@gmail.com,worker
252,Christal,Camden,Christal.Camden@yopmail.com,Christal.Camden@gmail.com,developer
253,Daryl,Wareing,Daryl.Wareing@yopmail.com,Daryl.Wareing@gmail.com,police officer
254,Fina,Wiener,Fina.Wiener@yopmail.com,Fina.Wiener@gmail.com,firefighter
255,Natka,Velick,Natka.Velick@yopmail.com,Natka.Velick@gmail.com,developer
256,Allyce,Romelda,Allyce.Romelda@yopmail.com,Allyce.Romelda@gmail.com,developer
257,Alexine,Eckblad,Alexine.Eckblad@yopmail.com,Alexine.Eckblad@gmail.com,doctor
258,Rhea,Lay,Rhea.Lay@yopmail.com,Rhea.Lay@gmail.com,police officer
259,Fanchon,Levey,Fanchon.Levey@yopmail.com,Fanchon.Levey@gmail.com,worker
260,Jeanna,Janith,Jeanna.Janith@yopmail.com,Jeanna.Janith@gmail.com,worker
261,Demetris,Lilas,Demetris.Lilas@yopmail.com,Demetris.Lilas@gmail.com,worker
262,Karena,Colyer,Karena.Colyer@yopmail.com,Karena.Colyer@gmail.com,police officer
263,Mariann,Corabella,Mariann.Corabella@yopmail.com,Mariann.Corabella@gmail.com,police officer
264,Christian,Melan,Christian.Melan@yopmail.com,Christian.Melan@gmail.com,police officer
265,Fred,Herrera,Fred.Herrera@yopmail.com,Fred.Herrera@gmail.com,doctor
266,Natka,Wu,Natka.Wu@yopmail.com,Natka.Wu@gmail.com,firefighter
267,Benita,Kirstin,Benita.Kirstin@yopmail.com,Benita.Kirstin@gmail.com,firefighter
268,Sashenka,Kronfeld,Sashenka.Kronfeld@yopmail.com,Sashenka.Kronfeld@gmail.com,doctor
269,Anthia,Duwalt,Anthia.Duwalt@yopmail.com,Anthia.Duwalt@gmail.com,firefighter
270,Courtnay,Fadiman,Courtnay.Fadiman@yopmail.com,Courtnay.Fadiman@gmail.com,police officer
271,Fredericka,Guildroy,Fredericka.Guildroy@yopmail.com,Fredericka.Guildroy@gmail.com,doctor
272,Yolane,Johanna,Yolane.Johanna@yopmail.com,Yolane.Johanna@gmail.com,firefighter
273,Cyb,Fairweather,Cyb.Fairweather@yopmail.com,Cyb.Fairweather@gmail.com,worker
274,Carolina,Bates,Carolina.Bates@yopmail.com,Carolina.Bates@gmail.com,developer
275,Debee,Jena,Debee.Jena@yopmail.com,Debee.Jena@gmail.com,firefighter
276,Caressa,Medrek,Caressa.Medrek@yopmail.com,Caressa.Medrek@gmail.com,worker
277,Karlee,Alva,Karlee.Alva@yopmail.com,Karlee.Alva@gmail.com,worker
278,Cristabel,Teryn,Cristabel.Teryn@yopmail.com,Cristabel.Teryn@gmail.com,doctor
279,Laurene,Lamoree,Laurene.Lamoree@yopmail.com,Laurene.Lamoree@gmail.com,doctor
280,Annaliese,Firmin,Annaliese.Firmin@yopmail.com,Annaliese.Firmin@gmail.com,firefighter
281,Lesly,Etom,Lesly.Etom@yopmail.com,Lesly.Etom@gmail.com,doctor
282,Belva,Audly,Belva.Audly@yopmail.com,Belva.Audly@gmail.com,worker
283,Morganica,Jalbert,Morganica.Jalbert@yopmail.com,Morganica.Jalbert@gmail.com,firefighter
284,Myriam,Curren,Myriam.Curren@yopmail.com,Myriam.Curren@gmail.com,police officer
285,Cissiee,Edison,Cissiee.Edison@yopmail.com,Cissiee.Edison@gmail.com,worker
286,Korrie,Goldina,Korrie.Goldina@yopmail.com,Korrie.Goldina@gmail.com,doctor
287,Priscilla,Jary,Priscilla.Jary@yopmail.com,Priscilla.Jary@gmail.com,police officer
288,Amii,Toor,Amii.Toor@yopmail.com,Amii.Toor@gmail.com,developer
289,Hope,Egbert,Hope.Egbert@yopmail.com,Hope.Egbert@gmail.com,firefighter
290,Ira,Stover,Ira.Stover@yopmail.com,Ira.Stover@gmail.com,firefighter
291,Deedee,Dituri,Deedee.Dituri@yopmail.com,Deedee.Dituri@gmail.com,doctor
292,Adelle,Stephie,Adelle.Stephie@yopmail.com,Adelle.Stephie@gmail.com,police officer
293,Eolanda,Joseph,Eolanda.Joseph@yopmail.com,Eolanda.Joseph@gmail.com,developer
294,Lila,Stanwood,Lila.Stanwood@yopmail.com,Lila.Stanwood@gmail.com,doctor
295,Vita,Darrell,Vita.Darrell@yopmail.com,Vita.Darrell@gmail.com,doctor
296,Briney,Carbo,Briney.Carbo@yopmail.com,Briney.Carbo@gmail.com,firefighter
297,Carmencita,Maryanne,Carmencita.Maryanne@yopmail.com,Carmencita.Maryanne@gmail.com,developer
298,Amara,Kenwood,Amara.Kenwood@yopmail.com,Amara.Kenwood@gmail.com,developer
299,Lisette,Trinetta,Lisette.Trinetta@yopmail.com,Lisette.Trinetta@gmail.com,developer
300,Bee,Adalbert,Bee.Adalbert@yopmail.com,Bee.Adalbert@gmail.com,police officer
301,Marnia,Fax,Marnia.Fax@yopmail.com,Marnia.Fax@gmail.com,police officer
302,Katharina,Brackely,Katharina.Brackely@yopmail.com,Katharina.Brackely@gmail.com,firefighter
303,Frances,Cullin,Frances.Cullin@yopmail.com,Frances.Cullin@gmail.com,police officer
304,Renie,Bigner,Renie.Bigner@yopmail.com,Renie.Bigner@gmail.com,firefighter
305,Belva,Beniamino,Belva.Beniamino@yopmail.com,Belva.Beniamino@gmail.com,developer
306,Gavrielle,Giff,Gavrielle.Giff@yopmail.com,Gavrielle.Giff@gmail.com,firefighter
307,Thalia,Stefa,Thalia.Stefa@yopmail.com,Thalia.Stefa@gmail.com,developer
308,Janeczka,Pernick,Janeczka.Pernick@yopmail.com,Janeczka.Pernick@gmail.com,developer
309,Lusa,Blase,Lusa.Blase@yopmail.com,Lusa.Blase@gmail.com,doctor
310,Gertrud,Ulphia,Gertrud.Ulphia@yopmail.com,Gertrud.Ulphia@gmail.com,firefighter
311,Maridel,Charmine,Maridel.Charmine@yopmail.com,Maridel.Charmine@gmail.com,doctor
312,Amii,Vacuva,Amii.Vacuva@yopmail.com,Amii.Vacuva@gmail.com,developer
313,Joleen,Neils,Joleen.Neils@yopmail.com,Joleen.Neils@gmail.com,worker
314,Kathi,Katrine,Kathi.Katrine@yopmail.com,Kathi.Katrine@gmail.com,developer
315,Thalia,Cyrie,Thalia.Cyrie@yopmail.com,Thalia.Cyrie@gmail.com,firefighter
316,Elmira,Travax,Elmira.Travax@yopmail.com,Elmira.Travax@gmail.com,doctor
317,Lucy,Armanda,Lucy.Armanda@yopmail.com,Lucy.Armanda@gmail.com,police officer
318,Queenie,Pernick,Queenie.Pernick@yopmail.com,Queenie.Pernick@gmail.com,firefighter
319,Fanchon,Rocray,Fanchon.Rocray@yopmail.com,Fanchon.Rocray@gmail.com,worker
320,Fanny,Roxanna,Fanny.Roxanna@yopmail.com,Fanny.Roxanna@gmail.com,developer
321,Marika,Giff,Marika.Giff@yopmail.com,Marika.Giff@gmail.com,worker
322,Caryl,Callista,Caryl.Callista@yopmail.com,Caryl.Callista@gmail.com,developer
323,Alyssa,Means,Alyssa.Means@yopmail.com,Alyssa.Means@gmail.com,worker
324,Marline,Gherardo,Marline.Gherardo@yopmail.com,Marline.Gherardo@gmail.com,worker
325,Mara,Lail,Mara.Lail@yopmail.com,Mara.Lail@gmail.com,firefighter
326,Britni,Justinn,Britni.Justinn@yopmail.com,Britni.Justinn@gmail.com,firefighter
327,Kayla,Gibbeon,Kayla.Gibbeon@yopmail.com,Kayla.Gibbeon@gmail.com,police officer
328,Gerianna,Talia,Gerianna.Talia@yopmail.com,Gerianna.Talia@gmail.com,doctor
329,Margalo,Brunell,Margalo.Brunell@yopmail.com,Margalo.Brunell@gmail.com,doctor
330,Jackie,Dowski,Jackie.Dowski@yopmail.com,Jackie.Dowski@gmail.com,police officer
331,Merrie,Lattie,Merrie.Lattie@yopmail.com,Merrie.Lattie@gmail.com,firefighter
332,Tobe,Darrell,Tobe.Darrell@yopmail.com,Tobe.Darrell@gmail.com,developer
333,Mary,Othilia,Mary.Othilia@yopmail.com,Mary.Othilia@gmail.com,worker
334,Maisey,Jacobah,Maisey.Jacobah@yopmail.com,Maisey.Jacobah@gmail.com,doctor
335,Philis,Kiersten,Philis.Kiersten@yopmail.com,Philis.Kiersten@gmail.com,developer
336,Nerta,Voletta,Nerta.Voletta@yopmail.com,Nerta.Voletta@gmail.com,firefighter
337,Aimil,Charmine,Aimil.Charmine@yopmail.com,Aimil.Charmine@gmail.com,firefighter
338,Tiffie,Gunn,Tiffie.Gunn@yopmail.com,Tiffie.Gunn@gmail.com,firefighter
339,Rubie,Wenda,Rubie.Wenda@yopmail.com,Rubie.Wenda@gmail.com,developer
340,Susette,Isidore,Susette.Isidore@yopmail.com,Susette.Isidore@gmail.com,firefighter
341,Letizia,Hollingsworth,Letizia.Hollingsworth@yopmail.com,Letizia.Hollingsworth@gmail.com,doctor
342,Arlina,Schenck,Arlina.Schenck@yopmail.com,Arlina.Schenck@gmail.com,developer
343,Natka,Glenden,Natka.Glenden@yopmail.com,Natka.Glenden@gmail.com,doctor
344,Blondelle,Francene,Blondelle.Francene@yopmail.com,Blondelle.Francene@gmail.com,firefighter
345,Kirstin,Nickola,Kirstin.Nickola@yopmail.com,Kirstin.Nickola@gmail.com,doctor
346,Briney,Lutero,Briney.Lutero@yopmail.com,Briney.Lutero@gmail.com,developer
347,Ezmeralda,Janene,Ezmeralda.Janene@yopmail.com,Ezmeralda.Janene@gmail.com,firefighter
348,Randa,Minetta,Randa.Minetta@yopmail.com,Randa.Minetta@gmail.com,police officer
349,Shaylyn,Fax,Shaylyn.Fax@yopmail.com,Shaylyn.Fax@gmail.com,developer
350,Gabriellia,Edvard,Gabriellia.Edvard@yopmail.com,Gabriellia.Edvard@gmail.com,doctor
351,Ezmeralda,Juan,Ezmeralda.Juan@yopmail.com,Ezmeralda.Juan@gmail.com,developer
352,Kirstin,Lipson,Kirstin.Lipson@yopmail.com,Kirstin.Lipson@gmail.com,police officer
353,Christian,Artie,Christian.Artie@yopmail.com,Christian.Artie@gmail.com,worker
354,Britni,Edmund,Britni.Edmund@yopmail.com,Britni.Edmund@gmail.com,worker
355,Amelia,Zitvaa,Amelia.Zitvaa@yopmail.com,Amelia.Zitvaa@gmail.com,firefighter
356,Charmaine,Kamaria,Charmaine.Kamaria@yopmail.com,Charmaine.Kamaria@gmail.com,developer
357,Gloria,Klotz,Gloria.Klotz@yopmail.com,Gloria.Klotz@gmail.com,firefighter
358,Marinna,Suanne,Marinna.Suanne@yopmail.com,Marinna.Suanne@gmail.com,police officer
359,Rhoda,Daegal,Rhoda.Daegal@yopmail.com,Rhoda.Daegal@gmail.com,developer
360,Rosaline,Hollingsworth,Rosaline.Hollingsworth@yopmail.com,Rosaline.Hollingsworth@gmail.com,police officer
361,Janey,Lail,Janey.Lail@yopmail.com,Janey.Lail@gmail.com,worker
362,Kary,Sibyls,Kary.Sibyls@yopmail.com,Kary.Sibyls@gmail.com,worker
363,Maurene,Breed,Maurene.Breed@yopmail.com,Maurene.Breed@gmail.com,doctor
364,Therine,Thad,Therine.Thad@yopmail.com,Therine.Thad@gmail.com,worker
365,Anestassia,Ade,Anestassia.Ade@yopmail.com,Anestassia.Ade@gmail.com,police officer
366,Helsa,Earlie,Helsa.Earlie@yopmail.com,Helsa.Earlie@gmail.com,worker
367,Charissa,Lauraine,Charissa.Lauraine@yopmail.com,Charissa.Lauraine@gmail.com,worker
368,Barbara,Delacourt,Barbara.Delacourt@yopmail.com,Barbara.Delacourt@gmail.com,police officer
369,Margarette,Sadowski,Margarette.Sadowski@yopmail.com,Margarette.Sadowski@gmail.com,firefighter
370,Jemie,Dreda,Jemie.Dreda@yopmail.com,Jemie.Dreda@gmail.com,doctor
371,Magdalena,Andrel,Magdalena.Andrel@yopmail.com,Magdalena.Andrel@gmail.com,worker
372,Ana,Peti,Ana.Peti@yopmail.com,Ana.Peti@gmail.com,developer
373,Lily,Avi,Lily.Avi@yopmail.com,Lily.Avi@gmail.com,police officer
374,Blake,Stanwood,Blake.Stanwood@yopmail.com,Blake.Stanwood@gmail.com,worker
375,Jenda,Junie,Jenda.Junie@yopmail.com,Jenda.Junie@gmail.com,police officer
376,Lulita,Sadowski,Lulita.Sadowski@yopmail.com,Lulita.Sadowski@gmail.com,worker
377,Mallory,Gombach,Mallory.Gombach@yopmail.com,Mallory.Gombach@gmail.com,developer
378,Johna,Eugenia,Johna.Eugenia@yopmail.com,Johna.Eugenia@gmail.com,worker
379,Rayna,Lattie,Rayna.Lattie@yopmail.com,Rayna.Lattie@gmail.com,firefighter
380,Paulita,Brackely,Paulita.Brackely@yopmail.com,Paulita.Brackely@gmail.com,worker
381,Devina,Oster,Devina.Oster@yopmail.com,Devina.Oster@gmail.com,worker
382,Atlanta,Yusuk,Atlanta.Yusuk@yopmail.com,Atlanta.Yusuk@gmail.com,developer
383,Tabbatha,Tengdin,Tabbatha.Tengdin@yopmail.com,Tabbatha.Tengdin@gmail.com,doctor
384,Flory,Ardeha,Flory.Ardeha@yopmail.com,Flory.Ardeha@gmail.com,firefighter
385,Donnie,Vharat,Donnie.Vharat@yopmail.com,Donnie.Vharat@gmail.com,firefighter
386,Minda,Socha,Minda.Socha@yopmail.com,Minda.Socha@gmail.com,police officer
387,Nita,Doig,Nita.Doig@yopmail.com,Nita.Doig@gmail.com,doctor
388,Carmencita,Bendick,Carmencita.Bendick@yopmail.com,Carmencita.Bendick@gmail.com,worker
389,Gavrielle,Ruvolo,Gavrielle.Ruvolo@yopmail.com,Gavrielle.Ruvolo@gmail.com,police officer
390,Ebonee,Damarra,Ebonee.Damarra@yopmail.com,Ebonee.Damarra@gmail.com,doctor
391,Lulita,Weinreb,Lulita.Weinreb@yopmail.com,Lulita.Weinreb@gmail.com,worker
392,Lexine,Carmena,Lexine.Carmena@yopmail.com,Lexine.Carmena@gmail.com,developer
393,Tressa,Yoko,Tressa.Yoko@yopmail.com,Tressa.Yoko@gmail.com,police officer
394,Addia,Septima,Addia.Septima@yopmail.com,Addia.Septima@gmail.com,doctor
395,Sherrie,Astra,Sherrie.Astra@yopmail.com,Sherrie.Astra@gmail.com,doctor
396,Ira,Ferino,Ira.Ferino@yopmail.com,Ira.Ferino@gmail.com,developer
397,Rubie,Kiyoshi,Rubie.Kiyoshi@yopmail.com,Rubie.Kiyoshi@gmail.com,developer
398,Karolina,Hull,Karolina.Hull@yopmail.com,Karolina.Hull@gmail.com,police officer
399,Elie,Nadia,Elie.Nadia@yopmail.com,Elie.Nadia@gmail.com,developer
400,Cassondra,Meter,Cassondra.Meter@yopmail.com,Cassondra.Meter@gmail.com,developer
401,Clo,Arvo,Clo.Arvo@yopmail.com,Clo.Arvo@gmail.com,developer
402,Sabina,Carey,Sabina.Carey@yopmail.com,Sabina.Carey@gmail.com,worker
403,Theodora,Skell,Theodora.Skell@yopmail.com,Theodora.Skell@gmail.com,police officer
404,Meg,Dorcy,Meg.Dorcy@yopmail.com,Meg.Dorcy@gmail.com,developer
405,Molli,Ioab,Molli.Ioab@yopmail.com,Molli.Ioab@gmail.com,firefighter
406,Annaliese,Ursulette,Annaliese.Ursulette@yopmail.com,Annaliese.Ursulette@gmail.com,doctor
407,Mahalia,Naashom,Mahalia.Naashom@yopmail.com,Mahalia.Naashom@gmail.com,worker
408,Reeba,Toor,Reeba.Toor@yopmail.com,Reeba.Toor@gmail.com,firefighter
409,Gale,Hepsibah,Gale.Hepsibah@yopmail.com,Gale.Hepsibah@gmail.com,firefighter
410,Lacie,Belldas,Lacie.Belldas@yopmail.com,Lacie.Belldas@gmail.com,firefighter
411,Trixi,Creamer,Trixi.Creamer@yopmail.com,Trixi.Creamer@gmail.com,firefighter
412,Millie,Amadas,Millie.Amadas@yopmail.com,Millie.Amadas@gmail.com,worker
413,Alexine,Vary,Alexine.Vary@yopmail.com,Alexine.Vary@gmail.com,developer
414,Tera,Sekofski,Tera.Sekofski@yopmail.com,Tera.Sekofski@gmail.com,worker
415,Annabela,Tarrant,Annabela.Tarrant@yopmail.com,Annabela.Tarrant@gmail.com,doctor
416,Louella,Annice,Louella.Annice@yopmail.com,Louella.Annice@gmail.com,police officer
417,Rebeca,Suzetta,Rebeca.Suzetta@yopmail.com,Rebeca.Suzetta@gmail.com,developer
418,Judy,Dorine,Judy.Dorine@yopmail.com,Judy.Dorine@gmail.com,developer
419,Collen,Jerold,Collen.Jerold@yopmail.com,Collen.Jerold@gmail.com,police officer
420,Genovera,Ackerley,Genovera.Ackerley@yopmail.com,Genovera.Ackerley@gmail.com,worker
421,Celestyna,Rubie,Celestyna.Rubie@yopmail.com,Celestyna.Rubie@gmail.com,doctor
422,Mellicent,Ethban,Mellicent.Ethban@yopmail.com,Mellicent.Ethban@gmail.com,worker
423,Lulita,Carbo,Lulita.Carbo@yopmail.com,Lulita.Carbo@gmail.com,doctor
424,Caryl,Euridice,Caryl.Euridice@yopmail.com,Caryl.Euridice@gmail.com,doctor
425,Mahalia,Judye,Mahalia.Judye@yopmail.com,Mahalia.Judye@gmail.com,worker
426,Althea,Shelba,Althea.Shelba@yopmail.com,Althea.Shelba@gmail.com,developer
427,Tressa,Ricki,Tressa.Ricki@yopmail.com,Tressa.Ricki@gmail.com,developer
428,Gretal,Prouty,Gretal.Prouty@yopmail.com,Gretal.Prouty@gmail.com,firefighter
429,Sarette,Vharat,Sarette.Vharat@yopmail.com,Sarette.Vharat@gmail.com,developer
430,Corina,Bari,Corina.Bari@yopmail.com,Corina.Bari@gmail.com,worker
431,Mallory,Hebner,Mallory.Hebner@yopmail.com,Mallory.Hebner@gmail.com,worker
432,Hannis,Ortrude,Hannis.Ortrude@yopmail.com,Hannis.Ortrude@gmail.com,worker
433,Arlena,Ajay,Arlena.Ajay@yopmail.com,Arlena.Ajay@gmail.com,doctor
434,Beverley,Baptlsta,Beverley.Baptlsta@yopmail.com,Beverley.Baptlsta@gmail.com,developer
435,Gavrielle,Santoro,Gavrielle.Santoro@yopmail.com,Gavrielle.Santoro@gmail.com,doctor
436,Jsandye,Seligman,Jsandye.Seligman@yopmail.com,Jsandye.Seligman@gmail.com,doctor
437,Joleen,Matthew,Joleen.Matthew@yopmail.com,Joleen.Matthew@gmail.com,police officer
438,Ethel,Rudolph,Ethel.Rudolph@yopmail.com,Ethel.Rudolph@gmail.com,doctor
439,Belva,Maribeth,Belva.Maribeth@yopmail.com,Belva.Maribeth@gmail.com,developer
440,Josephine,Vale,Josephine.Vale@yopmail.com,Josephine.Vale@gmail.com,worker
441,Concettina,Paton,Concettina.Paton@yopmail.com,Concettina.Paton@gmail.com,firefighter
442,Wynne,Alwin,Wynne.Alwin@yopmail.com,Wynne.Alwin@gmail.com,doctor
443,Emelina,Chaing,Emelina.Chaing@yopmail.com,Emelina.Chaing@gmail.com,doctor
444,Mureil,Georas,Mureil.Georas@yopmail.com,Mureil.Georas@gmail.com,developer
445,June,Bibi,June.Bibi@yopmail.com,June.Bibi@gmail.com,worker
446,Teriann,Peonir,Teriann.Peonir@yopmail.com,Teriann.Peonir@gmail.com,worker
447,Winny,Ingra,Winny.Ingra@yopmail.com,Winny.Ingra@gmail.com,police officer
448,Bee,Bollay,Bee.Bollay@yopmail.com,Bee.Bollay@gmail.com,firefighter
449,Bobbi,Loeb,Bobbi.Loeb@yopmail.com,Bobbi.Loeb@gmail.com,developer
450,Zaria,Peonir,Zaria.Peonir@yopmail.com,Zaria.Peonir@gmail.com,doctor
451,Tomasina,Lea,Tomasina.Lea@yopmail.com,Tomasina.Lea@gmail.com,developer
452,Rosabelle,Ventre,Rosabelle.Ventre@yopmail.com,Rosabelle.Ventre@gmail.com,firefighter
453,Albertina,Isidore,Albertina.Isidore@yopmail.com,Albertina.Isidore@gmail.com,developer
454,Stevana,Holbrook,Stevana.Holbrook@yopmail.com,Stevana.Holbrook@gmail.com,worker
455,Rubie,Mich,Rubie.Mich@yopmail.com,Rubie.Mich@gmail.com,developer
456,Hildegaard,Cloris,Hildegaard.Cloris@yopmail.com,Hildegaard.Cloris@gmail.com,developer
457,Fanny,Adore,Fanny.Adore@yopmail.com,Fanny.Adore@gmail.com,doctor
458,Carolina,Roche,Carolina.Roche@yopmail.com,Carolina.Roche@gmail.com,firefighter
459,Mary,Leonard,Mary.Leonard@yopmail.com,Mary.Leonard@gmail.com,firefighter
460,Judy,Amasa,Judy.Amasa@yopmail.com,Judy.Amasa@gmail.com,worker
461,Maurene,Greenwald,Maurene.Greenwald@yopmail.com,Maurene.Greenwald@gmail.com,doctor
462,Valera,Francene,Valera.Francene@yopmail.com,Valera.Francene@gmail.com,worker
463,Malina,Ranjiv,Malina.Ranjiv@yopmail.com,Malina.Ranjiv@gmail.com,police officer
464,Sibella,Podvin,Sibella.Podvin@yopmail.com,Sibella.Podvin@gmail.com,developer
465,Margalo,Fontana,Margalo.Fontana@yopmail.com,Margalo.Fontana@gmail.com,doctor
466,Aigneis,Kirbee,Aigneis.Kirbee@yopmail.com,Aigneis.Kirbee@gmail.com,doctor
467,Perry,Cassius,Perry.Cassius@yopmail.com,Perry.Cassius@gmail.com,firefighter
468,Zia,Klemperer,Zia.Klemperer@yopmail.com,Zia.Klemperer@gmail.com,police officer
469,Molli,Obed,Molli.Obed@yopmail.com,Molli.Obed@gmail.com,worker
470,Oralee,Merriott,Oralee.Merriott@yopmail.com,Oralee.Merriott@gmail.com,developer
471,Maud,Ax,Maud.Ax@yopmail.com,Maud.Ax@gmail.com,worker
472,Charissa,Rona,Charissa.Rona@yopmail.com,Charissa.Rona@gmail.com,doctor
473,Melanie,Lorenz,Melanie.Lorenz@yopmail.com,Melanie.Lorenz@gmail.com,police officer
474,Pollyanna,Flyn,Pollyanna.Flyn@yopmail.com,Pollyanna.Flyn@gmail.com,doctor
475,Ethel,Lorenz,Ethel.Lorenz@yopmail.com,Ethel.Lorenz@gmail.com,firefighter
476,Robbi,Anderea,Robbi.Anderea@yopmail.com,Robbi.Anderea@gmail.com,police officer
477,Fayre,Kimmie,Fayre.Kimmie@yopmail.com,Fayre.Kimmie@gmail.com,firefighter
478,Monika,Bartlett,Monika.Bartlett@yopmail.com,Monika.Bartlett@gmail.com,doctor
479,Letizia,Raul,Letizia.Raul@yopmail.com,Letizia.Raul@gmail.com,doctor
480,Asia,Mandler,Asia.Mandler@yopmail.com,Asia.Mandler@gmail.com,doctor
481,Nerta,Gunn,Nerta.Gunn@yopmail.com,Nerta.Gunn@gmail.com,firefighter
482,Chandra,Duwalt,Chandra.Duwalt@yopmail.com,Chandra.Duwalt@gmail.com,firefighter
483,Sybille,Alisia,Sybille.Alisia@yopmail.com,Sybille.Alisia@gmail.com,developer
484,Queenie,Bearnard,Queenie.Bearnard@yopmail.com,Queenie.Bearnard@gmail.com,police officer
485,Henriette,Old,Henriette.Old@yopmail.com,Henriette.Old@gmail.com,doctor
486,Steffane,Lia,Steffane.Lia@yopmail.com,Steffane.Lia@gmail.com,doctor
487,Aubrie,Mich,Aubrie.Mich@yopmail.com,Aubrie.Mich@gmail.com,worker
488,Hannis,Huggins,Hannis.Huggins@yopmail.com,Hannis.Huggins@gmail.com,police officer
489,Tarra,Burch,Tarra.Burch@yopmail.com,Tarra.Burch@gmail.com,firefighter
490,Frieda,Diogenes,Frieda.Diogenes@yopmail.com,Frieda.Diogenes@gmail.com,worker
491,Kore,Chick,Kore.Chick@yopmail.com,Kore.Chick@gmail.com,worker
492,Steffane,Tristram,Steffane.Tristram@yopmail.com,Steffane.Tristram@gmail.com,worker
493,Maurene,Hull,Maurene.Hull@yopmail.com,Maurene.Hull@gmail.com,developer
494,Phedra,Yoko,Phedra.Yoko@yopmail.com,Phedra.Yoko@gmail.com,police officer
495,Shandie,Marden,Shandie.Marden@yopmail.com,Shandie.Marden@gmail.com,developer
496,Priscilla,Terencio,Priscilla.Terencio@yopmail.com,Priscilla.Terencio@gmail.com,firefighter
497,Lynea,Bartlett,Lynea.Bartlett@yopmail.com,Lynea.Bartlett@gmail.com,police officer
498,Kelly,Kirbee,Kelly.Kirbee@yopmail.com,Kelly.Kirbee@gmail.com,doctor
499,Cordi,Aloise,Cordi.Aloise@yopmail.com,Cordi.Aloise@gmail.com,police officer
500,Olwen,Fabiola,Olwen.Fabiola@yopmail.com,Olwen.Fabiola@gmail.com,worker
501,Karly,Sammons,Karly.Sammons@yopmail.com,Karly.Sammons@gmail.com,police officer
502,Glynnis,Thomasina,Glynnis.Thomasina@yopmail.com,Glynnis.Thomasina@gmail.com,developer
503,Jaclyn,Bronk,Jaclyn.Bronk@yopmail.com,Jaclyn.Bronk@gmail.com,doctor
504,Ellette,Letsou,Ellette.Letsou@yopmail.com,Ellette.Letsou@gmail.com,police officer
505,Iseabal,Zina,Iseabal.Zina@yopmail.com,Iseabal.Zina@gmail.com,firefighter
506,Joceline,Chapland,Joceline.Chapland@yopmail.com,Joceline.Chapland@gmail.com,doctor
507,Emylee,Daniele,Emylee.Daniele@yopmail.com,Emylee.Daniele@gmail.com,police officer
508,Constance,Nikaniki,Constance.Nikaniki@yopmail.com,Constance.Nikaniki@gmail.com,police officer
509,Arabel,Morrill,Arabel.Morrill@yopmail.com,Arabel.Morrill@gmail.com,doctor
510,Kaia,Vary,Kaia.Vary@yopmail.com,Kaia.Vary@gmail.com,firefighter
511,Ashlee,Euridice,Ashlee.Euridice@yopmail.com,Ashlee.Euridice@gmail.com,doctor
512,Mariann,Cyrie,Mariann.Cyrie@yopmail.com,Mariann.Cyrie@gmail.com,police officer
513,Shannah,Reinke,Shannah.Reinke@yopmail.com,Shannah.Reinke@gmail.com,police officer
514,Zaria,Westphal,Zaria.Westphal@yopmail.com,Zaria.Westphal@gmail.com,developer
515,Kayla,Khorma,Kayla.Khorma@yopmail.com,Kayla.Khorma@gmail.com,firefighter
516,Kassey,Dichy,Kassey.Dichy@yopmail.com,Kassey.Dichy@gmail.com,firefighter
517,Kathi,Jacqui,Kathi.Jacqui@yopmail.com,Kathi.Jacqui@gmail.com,doctor
518,Mellicent,Tufts,Mellicent.Tufts@yopmail.com,Mellicent.Tufts@gmail.com,developer
519,Shaylyn,Capello,Shaylyn.Capello@yopmail.com,Shaylyn.Capello@gmail.com,worker
520,Lanna,Fitzsimmons,Lanna.Fitzsimmons@yopmail.com,Lanna.Fitzsimmons@gmail.com,police officer
521,Kamilah,Reneta,Kamilah.Reneta@yopmail.com,Kamilah.Reneta@gmail.com,doctor
522,Shel,Ferino,Shel.Ferino@yopmail.com,Shel.Ferino@gmail.com,developer
523,Bettine,Daveta,Bettine.Daveta@yopmail.com,Bettine.Daveta@gmail.com,worker
524,Roz,Aloise,Roz.Aloise@yopmail.com,Roz.Aloise@gmail.com,firefighter
525,Alyssa,Kare,Alyssa.Kare@yopmail.com,Alyssa.Kare@gmail.com,developer
526,Marcelline,Ashely,Marcelline.Ashely@yopmail.com,Marcelline.Ashely@gmail.com,worker
527,Lorie,Si,Lorie.Si@yopmail.com,Lorie.Si@gmail.com,doctor
528,Tera,Holtz,Tera.Holtz@yopmail.com,Tera.Holtz@gmail.com,police officer
529,Elvira,Goode,Elvira.Goode@yopmail.com,Elvira.Goode@gmail.com,firefighter
530,Ulrike,Saint,Ulrike.Saint@yopmail.com,Ulrike.Saint@gmail.com,police officer
531,Dianemarie,Mauer,Dianemarie.Mauer@yopmail.com,Dianemarie.Mauer@gmail.com,firefighter
532,Dorene,Berriman,Dorene.Berriman@yopmail.com,Dorene.Berriman@gmail.com,police officer
533,Elfreda,Braun,Elfreda.Braun@yopmail.com,Elfreda.Braun@gmail.com,police officer
534,Sandie,Parsaye,Sandie.Parsaye@yopmail.com,Sandie.Parsaye@gmail.com,police officer
535,Tarra,Birdella,Tarra.Birdella@yopmail.com,Tarra.Birdella@gmail.com,developer
536,Meriel,Havens,Meriel.Havens@yopmail.com,Meriel.Havens@gmail.com,worker
537,Carmela,Trinetta,Carmela.Trinetta@yopmail.com,Carmela.Trinetta@gmail.com,worker
538,Cyb,Freddi,Cyb.Freddi@yopmail.com,Cyb.Freddi@gmail.com,firefighter
539,Alyda,Joeann,Alyda.Joeann@yopmail.com,Alyda.Joeann@gmail.com,firefighter
540,Joy,Bonilla,Joy.Bonilla@yopmail.com,Joy.Bonilla@gmail.com,developer
541,Heddie,Neva,Heddie.Neva@yopmail.com,Heddie.Neva@gmail.com,police officer
542,Binny,Lea,Binny.Lea@yopmail.com,Binny.Lea@gmail.com,firefighter
543,Bee,Dorcy,Bee.Dorcy@yopmail.com,Bee.Dorcy@gmail.com,worker
544,Nyssa,Jotham,Nyssa.Jotham@yopmail.com,Nyssa.Jotham@gmail.com,doctor
545,Justinn,Bryna,Justinn.Bryna@yopmail.com,Justinn.Bryna@gmail.com,developer
546,Carmencita,Bearnard,Carmencita.Bearnard@yopmail.com,Carmencita.Bearnard@gmail.com,doctor
547,Gwenneth,Schonfeld,Gwenneth.Schonfeld@yopmail.com,Gwenneth.Schonfeld@gmail.com,worker
548,Merci,Ciro,Merci.Ciro@yopmail.com,Merci.Ciro@gmail.com,worker
549,Kial,Croix,Kial.Croix@yopmail.com,Kial.Croix@gmail.com,police officer
550,Concettina,Meter,Concettina.Meter@yopmail.com,Concettina.Meter@gmail.com,doctor
551,Alie,Land,Alie.Land@yopmail.com,Alie.Land@gmail.com,worker
552,Ardeen,Engdahl,Ardeen.Engdahl@yopmail.com,Ardeen.Engdahl@gmail.com,police officer
553,Sashenka,Nedrud,Sashenka.Nedrud@yopmail.com,Sashenka.Nedrud@gmail.com,developer
554,Sabina,Tayib,Sabina.Tayib@yopmail.com,Sabina.Tayib@gmail.com,doctor
555,Lexine,Revkah,Lexine.Revkah@yopmail.com,Lexine.Revkah@gmail.com,worker
556,Aurore,Loring,Aurore.Loring@yopmail.com,Aurore.Loring@gmail.com,doctor
557,Elvira,Auberbach,Elvira.Auberbach@yopmail.com,Elvira.Auberbach@gmail.com,developer
558,Jeanna,Couture,Jeanna.Couture@yopmail.com,Jeanna.Couture@gmail.com,worker
559,Betta,Roumell,Betta.Roumell@yopmail.com,Betta.Roumell@gmail.com,firefighter
560,Kirbee,Shama,Kirbee.Shama@yopmail.com,Kirbee.Shama@gmail.com,worker
561,Eugine,Smitt,Eugine.Smitt@yopmail.com,Eugine.Smitt@gmail.com,police officer
562,Danny,Linehan,Danny.Linehan@yopmail.com,Danny.Linehan@gmail.com,developer
563,Ronna,Catie,Ronna.Catie@yopmail.com,Ronna.Catie@gmail.com,worker
564,Stacey,Hedve,Stacey.Hedve@yopmail.com,Stacey.Hedve@gmail.com,doctor
565,Meg,Bobbee,Meg.Bobbee@yopmail.com,Meg.Bobbee@gmail.com,worker
566,Ann-Marie,Donell,Ann-Marie.Donell@yopmail.com,Ann-Marie.Donell@gmail.com,firefighter
567,Elise,Ellerey,Elise.Ellerey@yopmail.com,Elise.Ellerey@gmail.com,police officer
568,Natka,Thar,Natka.Thar@yopmail.com,Natka.Thar@gmail.com,police officer
569,Deane,Mandler,Deane.Mandler@yopmail.com,Deane.Mandler@gmail.com,doctor
570,Leontine,Erminia,Leontine.Erminia@yopmail.com,Leontine.Erminia@gmail.com,doctor
571,Justinn,Wittie,Justinn.Wittie@yopmail.com,Justinn.Wittie@gmail.com,firefighter
572,Elie,Colleen,Elie.Colleen@yopmail.com,Elie.Colleen@gmail.com,police officer
573,Gilligan,Egbert,Gilligan.Egbert@yopmail.com,Gilligan.Egbert@gmail.com,doctor
574,Vevay,Douglass,Vevay.Douglass@yopmail.com,Vevay.Douglass@gmail.com,doctor
575,Laurene,Elisha,Laurene.Elisha@yopmail.com,Laurene.Elisha@gmail.com,doctor
576,Jean,Iaverne,Jean.Iaverne@yopmail.com,Jean.Iaverne@gmail.com,police officer
577,Ethel,Kress,Ethel.Kress@yopmail.com,Ethel.Kress@gmail.com,police officer
578,Annice,Genna,Annice.Genna@yopmail.com,Annice.Genna@gmail.com,doctor
579,Wanda,Letsou,Wanda.Letsou@yopmail.com,Wanda.Letsou@gmail.com,police officer
580,Alyssa,Gino,Alyssa.Gino@yopmail.com,Alyssa.Gino@gmail.com,worker
581,Pearline,Gilbertson,Pearline.Gilbertson@yopmail.com,Pearline.Gilbertson@gmail.com,doctor
582,Odessa,Stefa,Odessa.Stefa@yopmail.com,Odessa.Stefa@gmail.com,worker
583,Robinia,Simmonds,Robinia.Simmonds@yopmail.com,Robinia.Simmonds@gmail.com,police officer
584,Moyna,Mauer,Moyna.Mauer@yopmail.com,Moyna.Mauer@gmail.com,worker
585,Sidoney,Reneta,Sidoney.Reneta@yopmail.com,Sidoney.Reneta@gmail.com,worker
586,Maridel,Pulsifer,Maridel.Pulsifer@yopmail.com,Maridel.Pulsifer@gmail.com,firefighter
587,Frances,Alice,Frances.Alice@yopmail.com,Frances.Alice@gmail.com,firefighter
588,Ileana,Croix,Ileana.Croix@yopmail.com,Ileana.Croix@gmail.com,police officer
589,Joleen,Lauraine,Joleen.Lauraine@yopmail.com,Joleen.Lauraine@gmail.com,worker
590,Lynea,Elsinore,Lynea.Elsinore@yopmail.com,Lynea.Elsinore@gmail.com,police officer
591,Catrina,Erlandson,Catrina.Erlandson@yopmail.com,Catrina.Erlandson@gmail.com,doctor
592,Allyce,Firmin,Allyce.Firmin@yopmail.com,Allyce.Firmin@gmail.com,worker
593,Lizzie,Beebe,Lizzie.Beebe@yopmail.com,Lizzie.Beebe@gmail.com,developer
594,Bobbi,Beniamino,Bobbi.Beniamino@yopmail.com,Bobbi.Beniamino@gmail.com,doctor
595,Michaelina,Fiann,Michaelina.Fiann@yopmail.com,Michaelina.Fiann@gmail.com,doctor
596,Cissiee,Abbot,Cissiee.Abbot@yopmail.com,Cissiee.Abbot@gmail.com,worker
597,Debee,Velick,Debee.Velick@yopmail.com,Debee.Velick@gmail.com,firefighter
598,Ingrid,Schlosser,Ingrid.Schlosser@yopmail.com,Ingrid.Schlosser@gmail.com,police officer
599,Ernesta,Casimir,Ernesta.Casimir@yopmail.com,Ernesta.Casimir@gmail.com,doctor
600,Karolina,Harday,Karolina.Harday@yopmail.com,Karolina.Harday@gmail.com,worker
601,Johna,Alwin,Johna.Alwin@yopmail.com,Johna.Alwin@gmail.com,developer
602,Yetty,Rooney,Yetty.Rooney@yopmail.com,Yetty.Rooney@gmail.com,doctor
603,Eve,Anestassia,Eve.Anestassia@yopmail.com,Eve.Anestassia@gmail.com,worker
604,Blondelle,Burkle,Blondelle.Burkle@yopmail.com,Blondelle.Burkle@gmail.com,police officer
605,Petronia,Levey,Petronia.Levey@yopmail.com,Petronia.Levey@gmail.com,worker
606,Michaelina,Kiyoshi,Michaelina.Kiyoshi@yopmail.com,Michaelina.Kiyoshi@gmail.com,developer
607,Violet,Aldric,Violet.Aldric@yopmail.com,Violet.Aldric@gmail.com,doctor
608,Eugine,Saint,Eugine.Saint@yopmail.com,Eugine.Saint@gmail.com,police officer
609,Corina,Lasley,Corina.Lasley@yopmail.com,Corina.Lasley@gmail.com,police officer
610,Albertina,Robertson,Albertina.Robertson@yopmail.com,Albertina.Robertson@gmail.com,worker
611,Tressa,Krystle,Tressa.Krystle@yopmail.com,Tressa.Krystle@gmail.com,developer
612,Melisent,Stav,Melisent.Stav@yopmail.com,Melisent.Stav@gmail.com,developer
613,Joceline,Montgomery,Joceline.Montgomery@yopmail.com,Joceline.Montgomery@gmail.com,developer
614,Ashlee,Corilla,Ashlee.Corilla@yopmail.com,Ashlee.Corilla@gmail.com,firefighter
615,Carmela,Ammann,Carmela.Ammann@yopmail.com,Carmela.Ammann@gmail.com,developer
616,Dulcinea,Brian,Dulcinea.Brian@yopmail.com,Dulcinea.Brian@gmail.com,firefighter
617,Claresta,Roche,Claresta.Roche@yopmail.com,Claresta.Roche@gmail.com,police officer
618,Wilma,Sperling,Wilma.Sperling@yopmail.com,Wilma.Sperling@gmail.com,worker
619,Sharai,Elbertina,Sharai.Elbertina@yopmail.com,Sharai.Elbertina@gmail.com,police officer
620,Sean,Si,Sean.Si@yopmail.com,Sean.Si@gmail.com,firefighter
621,Lynnea,Verger,Lynnea.Verger@yopmail.com,Lynnea.Verger@gmail.com,developer
622,Chandra,My,Chandra.My@yopmail.com,Chandra.My@gmail.com,police officer
623,Dolli,Halla,Dolli.Halla@yopmail.com,Dolli.Halla@gmail.com,police officer
624,Marguerite,Melan,Marguerite.Melan@yopmail.com,Marguerite.Melan@gmail.com,doctor
625,Charlena,Decato,Charlena.Decato@yopmail.com,Charlena.Decato@gmail.com,doctor
626,Monika,Roxanna,Monika.Roxanna@yopmail.com,Monika.Roxanna@gmail.com,worker
627,Krystle,Lumbard,Krystle.Lumbard@yopmail.com,Krystle.Lumbard@gmail.com,police officer
628,Oona,Tengdin,Oona.Tengdin@yopmail.com,Oona.Tengdin@gmail.com,worker
629,Maurene,Wyn,Maurene.Wyn@yopmail.com,Maurene.Wyn@gmail.com,developer
630,Brianna,Armanda,Brianna.Armanda@yopmail.com,Brianna.Armanda@gmail.com,worker
631,Vere,Hanleigh,Vere.Hanleigh@yopmail.com,Vere.Hanleigh@gmail.com,doctor
632,Janey,Marcellus,Janey.Marcellus@yopmail.com,Janey.Marcellus@gmail.com,police officer
633,Caritta,Roscoe,Caritta.Roscoe@yopmail.com,Caritta.Roscoe@gmail.com,police officer
634,Elmira,Miru,Elmira.Miru@yopmail.com,Elmira.Miru@gmail.com,worker
635,Ellette,Creamer,Ellette.Creamer@yopmail.com,Ellette.Creamer@gmail.com,police officer
636,Moyna,Greenwald,Moyna.Greenwald@yopmail.com,Moyna.Greenwald@gmail.com,police officer
637,Allis,Pearse,Allis.Pearse@yopmail.com,Allis.Pearse@gmail.com,worker
638,Charmaine,Gherardo,Charmaine.Gherardo@yopmail.com,Charmaine.Gherardo@gmail.com,developer
639,Gavrielle,Goth,Gavrielle.Goth@yopmail.com,Gavrielle.Goth@gmail.com,firefighter
640,Merry,Pierette,Merry.Pierette@yopmail.com,Merry.Pierette@gmail.com,doctor
641,Concettina,Federica,Concettina.Federica@yopmail.com,Concettina.Federica@gmail.com,firefighter
642,Genovera,Franza,Genovera.Franza@yopmail.com,Genovera.Franza@gmail.com,worker
643,Joeann,Mallon,Joeann.Mallon@yopmail.com,Joeann.Mallon@gmail.com,firefighter
644,Norine,Ade,Norine.Ade@yopmail.com,Norine.Ade@gmail.com,police officer
645,Genovera,Turne,Genovera.Turne@yopmail.com,Genovera.Turne@gmail.com,firefighter
646,Regina,Freddi,Regina.Freddi@yopmail.com,Regina.Freddi@gmail.com,firefighter
647,Deloria,Earlie,Deloria.Earlie@yopmail.com,Deloria.Earlie@gmail.com,doctor
648,Shandie,Tiffa,Shandie.Tiffa@yopmail.com,Shandie.Tiffa@gmail.com,firefighter
649,Claresta,Zitvaa,Claresta.Zitvaa@yopmail.com,Claresta.Zitvaa@gmail.com,developer
650,Sheelagh,Malina,Sheelagh.Malina@yopmail.com,Sheelagh.Malina@gmail.com,police officer
651,Yetty,Morehouse,Yetty.Morehouse@yopmail.com,Yetty.Morehouse@gmail.com,firefighter
652,Charmaine,Belanger,Charmaine.Belanger@yopmail.com,Charmaine.Belanger@gmail.com,developer
653,Sindee,Judye,Sindee.Judye@yopmail.com,Sindee.Judye@gmail.com,police officer
654,Reeba,Nadia,Reeba.Nadia@yopmail.com,Reeba.Nadia@gmail.com,developer
655,Donnie,Kress,Donnie.Kress@yopmail.com,Donnie.Kress@gmail.com,worker
656,Gabriellia,Manolo,Gabriellia.Manolo@yopmail.com,Gabriellia.Manolo@gmail.com,doctor
657,Melanie,Afton,Melanie.Afton@yopmail.com,Melanie.Afton@gmail.com,doctor
658,Deirdre,Zachary,Deirdre.Zachary@yopmail.com,Deirdre.Zachary@gmail.com,firefighter
659,Kore,Parsaye,Kore.Parsaye@yopmail.com,Kore.Parsaye@gmail.com,firefighter
660,Gusella,Munn,Gusella.Munn@yopmail.com,Gusella.Munn@gmail.com,worker
661,Ada,Kenney,Ada.Kenney@yopmail.com,Ada.Kenney@gmail.com,firefighter
662,Emilia,Lymann,Emilia.Lymann@yopmail.com,Emilia.Lymann@gmail.com,firefighter
663,Sharlene,Suzetta,Sharlene.Suzetta@yopmail.com,Sharlene.Suzetta@gmail.com,developer
664,Jean,Blake,Jean.Blake@yopmail.com,Jean.Blake@gmail.com,police officer
665,Jaime,Rebecka,Jaime.Rebecka@yopmail.com,Jaime.Rebecka@gmail.com,firefighter
666,Kathy,Poppy,Kathy.Poppy@yopmail.com,Kathy.Poppy@gmail.com,doctor
667,Linzy,Concha,Linzy.Concha@yopmail.com,Linzy.Concha@gmail.com,police officer
668,Justinn,Pernick,Justinn.Pernick@yopmail.com,Justinn.Pernick@gmail.com,doctor
669,Aeriela,Stacy,Aeriela.Stacy@yopmail.com,Aeriela.Stacy@gmail.com,worker
670,Edith,Cleo,Edith.Cleo@yopmail.com,Edith.Cleo@gmail.com,developer
671,Susan,Cordi,Susan.Cordi@yopmail.com,Susan.Cordi@gmail.com,firefighter
672,Priscilla,Darbie,Priscilla.Darbie@yopmail.com,Priscilla.Darbie@gmail.com,police officer
673,Elsie,Maxi,Elsie.Maxi@yopmail.com,Elsie.Maxi@gmail.com,doctor
674,Sybille,Koziara,Sybille.Koziara@yopmail.com,Sybille.Koziara@gmail.com,worker
675,Jasmina,August,Jasmina.August@yopmail.com,Jasmina.August@gmail.com,developer
676,Addia,Weide,Addia.Weide@yopmail.com,Addia.Weide@gmail.com,worker
677,Eadie,Herrera,Eadie.Herrera@yopmail.com,Eadie.Herrera@gmail.com,police officer
678,Donetta,Annabella,Donetta.Annabella@yopmail.com,Donetta.Annabella@gmail.com,firefighter
679,Elora,Erb,Elora.Erb@yopmail.com,Elora.Erb@gmail.com,police officer
680,Janeczka,Fleeta,Janeczka.Fleeta@yopmail.com,Janeczka.Fleeta@gmail.com,firefighter
681,Gwyneth,August,Gwyneth.August@yopmail.com,Gwyneth.August@gmail.com,developer
682,Nita,Ledah,Nita.Ledah@yopmail.com,Nita.Ledah@gmail.com,doctor
683,Sissy,Gaal,Sissy.Gaal@yopmail.com,Sissy.Gaal@gmail.com,worker
684,Edee,Sundin,Edee.Sundin@yopmail.com,Edee.Sundin@gmail.com,doctor
685,Brynna,Rheingold,Brynna.Rheingold@yopmail.com,Brynna.Rheingold@gmail.com,doctor
686,Averyl,Gabrielli,Averyl.Gabrielli@yopmail.com,Averyl.Gabrielli@gmail.com,police officer
687,Emmey,Hazlett,Emmey.Hazlett@yopmail.com,Emmey.Hazlett@gmail.com,doctor
688,Gui,Knowling,Gui.Knowling@yopmail.com,Gui.Knowling@gmail.com,worker
689,Donetta,Helfand,Donetta.Helfand@yopmail.com,Donetta.Helfand@gmail.com,developer
690,Elora,Bow,Elora.Bow@yopmail.com,Elora.Bow@gmail.com,developer
691,Heddie,Toffic,Heddie.Toffic@yopmail.com,Heddie.Toffic@gmail.com,police officer
692,Concettina,Mendez,Concettina.Mendez@yopmail.com,Concettina.Mendez@gmail.com,worker
693,Sheree,Bigner,Sheree.Bigner@yopmail.com,Sheree.Bigner@gmail.com,police officer
694,Shauna,Lea,Shauna.Lea@yopmail.com,Shauna.Lea@gmail.com,doctor
695,Misha,Nisbet,Misha.Nisbet@yopmail.com,Misha.Nisbet@gmail.com,firefighter
696,Sissy,Infield,Sissy.Infield@yopmail.com,Sissy.Infield@gmail.com,police officer
697,Alisha,Berl,Alisha.Berl@yopmail.com,Alisha.Berl@gmail.com,police officer
698,Johna,Garbe,Johna.Garbe@yopmail.com,Johna.Garbe@gmail.com,firefighter
699,Gavrielle,Hedve,Gavrielle.Hedve@yopmail.com,Gavrielle.Hedve@gmail.com,police officer
700,Ethel,Baylor,Ethel.Baylor@yopmail.com,Ethel.Baylor@gmail.com,doctor
701,Amara,Terrence,Amara.Terrence@yopmail.com,Amara.Terrence@gmail.com,developer
702,Veda,Montgomery,Veda.Montgomery@yopmail.com,Veda.Montgomery@gmail.com,police officer
703,Tani,Marsden,Tani.Marsden@yopmail.com,Tani.Marsden@gmail.com,firefighter
704,Cristine,Wattenberg,Cristine.Wattenberg@yopmail.com,Cristine.Wattenberg@gmail.com,doctor
705,Emma,Haymes,Emma.Haymes@yopmail.com,Emma.Haymes@gmail.com,worker
706,Julieta,Weaks,Julieta.Weaks@yopmail.com,Julieta.Weaks@gmail.com,doctor
707,Henriette,Garrison,Henriette.Garrison@yopmail.com,Henriette.Garrison@gmail.com,developer
708,Romona,Carolin,Romona.Carolin@yopmail.com,Romona.Carolin@gmail.com,doctor
709,Selma,Ingra,Selma.Ingra@yopmail.com,Selma.Ingra@gmail.com,doctor
710,Albertina,Ochs,Albertina.Ochs@yopmail.com,Albertina.Ochs@gmail.com,developer
711,Ericka,Bronk,Ericka.Bronk@yopmail.com,Ericka.Bronk@gmail.com,police officer
712,Edyth,Craggie,Edyth.Craggie@yopmail.com,Edyth.Craggie@gmail.com,doctor
713,Ezmeralda,Glenden,Ezmeralda.Glenden@yopmail.com,Ezmeralda.Glenden@gmail.com,police officer
714,Ariela,Joni,Ariela.Joni@yopmail.com,Ariela.Joni@gmail.com,police officer
715,Norine,McAdams,Norine.McAdams@yopmail.com,Norine.McAdams@gmail.com,police officer
716,Joceline,Peg,Joceline.Peg@yopmail.com,Joceline.Peg@gmail.com,police officer
717,Selma,Kirbee,Selma.Kirbee@yopmail.com,Selma.Kirbee@gmail.com,doctor
718,Rubie,Bronk,Rubie.Bronk@yopmail.com,Rubie.Bronk@gmail.com,worker
719,Tracey,Cristi,Tracey.Cristi@yopmail.com,Tracey.Cristi@gmail.com,firefighter
720,Sibella,Docilla,Sibella.Docilla@yopmail.com,Sibella.Docilla@gmail.com,doctor
721,Mathilda,Dom,Mathilda.Dom@yopmail.com,Mathilda.Dom@gmail.com,developer
722,Dorice,Si,Dorice.Si@yopmail.com,Dorice.Si@gmail.com,firefighter
723,Jany,Hartnett,Jany.Hartnett@yopmail.com,Jany.Hartnett@gmail.com,doctor
724,Albertina,Rurik,Albertina.Rurik@yopmail.com,Albertina.Rurik@gmail.com,firefighter
725,Melina,Shields,Melina.Shields@yopmail.com,Melina.Shields@gmail.com,worker
726,Shauna,Albertine,Shauna.Albertine@yopmail.com,Shauna.Albertine@gmail.com,doctor
727,Gertrud,Naor,Gertrud.Naor@yopmail.com,Gertrud.Naor@gmail.com,doctor
728,Vita,Tryck,Vita.Tryck@yopmail.com,Vita.Tryck@gmail.com,worker
729,Ardys,Holbrook,Ardys.Holbrook@yopmail.com,Ardys.Holbrook@gmail.com,doctor
730,Kenna,Mathilde,Kenna.Mathilde@yopmail.com,Kenna.Mathilde@gmail.com,doctor
731,Lyssa,Vittoria,Lyssa.Vittoria@yopmail.com,Lyssa.Vittoria@gmail.com,worker
732,Nyssa,Wooster,Nyssa.Wooster@yopmail.com,Nyssa.Wooster@gmail.com,developer
733,Debee,Zeeba,Debee.Zeeba@yopmail.com,Debee.Zeeba@gmail.com,police officer
734,Annice,Prouty,Annice.Prouty@yopmail.com,Annice.Prouty@gmail.com,worker
735,Hildegaard,Presber,Hildegaard.Presber@yopmail.com,Hildegaard.Presber@gmail.com,doctor
736,Corina,Ralfston,Corina.Ralfston@yopmail.com,Corina.Ralfston@gmail.com,worker
737,Sandie,Dominy,Sandie.Dominy@yopmail.com,Sandie.Dominy@gmail.com,police officer
738,Karlee,Beebe,Karlee.Beebe@yopmail.com,Karlee.Beebe@gmail.com,worker
739,Tersina,Celestine,Tersina.Celestine@yopmail.com,Tersina.Celestine@gmail.com,police officer
740,Wileen,Helve,Wileen.Helve@yopmail.com,Wileen.Helve@gmail.com,doctor
741,Betta,Holbrook,Betta.Holbrook@yopmail.com,Betta.Holbrook@gmail.com,doctor
742,Melanie,Gower,Melanie.Gower@yopmail.com,Melanie.Gower@gmail.com,police officer
743,Janey,Jerold,Janey.Jerold@yopmail.com,Janey.Jerold@gmail.com,developer
744,Emilia,Ezar,Emilia.Ezar@yopmail.com,Emilia.Ezar@gmail.com,worker
745,Rhea,Fulmer,Rhea.Fulmer@yopmail.com,Rhea.Fulmer@gmail.com,police officer
746,Jenda,Kirbee,Jenda.Kirbee@yopmail.com,Jenda.Kirbee@gmail.com,firefighter
747,Janenna,Ariella,Janenna.Ariella@yopmail.com,Janenna.Ariella@gmail.com,doctor
748,Steffane,Sherrie,Steffane.Sherrie@yopmail.com,Steffane.Sherrie@gmail.com,police officer
749,Margarette,Shanley,Margarette.Shanley@yopmail.com,Margarette.Shanley@gmail.com,worker
750,Molli,Agle,Molli.Agle@yopmail.com,Molli.Agle@gmail.com,police officer
751,Suzette,Dearborn,Suzette.Dearborn@yopmail.com,Suzette.Dearborn@gmail.com,firefighter
752,Livvyy,Tice,Livvyy.Tice@yopmail.com,Livvyy.Tice@gmail.com,firefighter
753,Marline,Joni,Marline.Joni@yopmail.com,Marline.Joni@gmail.com,firefighter
754,Chastity,Linehan,Chastity.Linehan@yopmail.com,Chastity.Linehan@gmail.com,worker
755,Pollyanna,Wenoa,Pollyanna.Wenoa@yopmail.com,Pollyanna.Wenoa@gmail.com,developer
756,Amalie,Larochelle,Amalie.Larochelle@yopmail.com,Amalie.Larochelle@gmail.com,police officer
757,Concettina,Brandice,Concettina.Brandice@yopmail.com,Concettina.Brandice@gmail.com,police officer
758,Di,Sadowski,Di.Sadowski@yopmail.com,Di.Sadowski@gmail.com,worker
759,Jany,Cyrie,Jany.Cyrie@yopmail.com,Jany.Cyrie@gmail.com,doctor
760,Alyssa,Paine,Alyssa.Paine@yopmail.com,Alyssa.Paine@gmail.com,police officer
761,Yvonne,Engdahl,Yvonne.Engdahl@yopmail.com,Yvonne.Engdahl@gmail.com,firefighter
762,Carilyn,Gavrila,Carilyn.Gavrila@yopmail.com,Carilyn.Gavrila@gmail.com,police officer
763,Maridel,O'Carroll,Maridel.O'Carroll@yopmail.com,Maridel.O'Carroll@gmail.com,firefighter
764,Ashlee,Dowski,Ashlee.Dowski@yopmail.com,Ashlee.Dowski@gmail.com,developer
765,Nannie,Adore,Nannie.Adore@yopmail.com,Nannie.Adore@gmail.com,police officer
766,Lanae,Christal,Lanae.Christal@yopmail.com,Lanae.Christal@gmail.com,doctor
767,Stacey,Jacinda,Stacey.Jacinda@yopmail.com,Stacey.Jacinda@gmail.com,worker
768,Aubrie,Dreda,Aubrie.Dreda@yopmail.com,Aubrie.Dreda@gmail.com,police officer
769,Jacenta,Erminia,Jacenta.Erminia@yopmail.com,Jacenta.Erminia@gmail.com,developer
770,Fernande,Romelda,Fernande.Romelda@yopmail.com,Fernande.Romelda@gmail.com,firefighter
771,Bobbi,Mitzi,Bobbi.Mitzi@yopmail.com,Bobbi.Mitzi@gmail.com,doctor
772,Danny,Therine,Danny.Therine@yopmail.com,Danny.Therine@gmail.com,firefighter
773,Dacia,Ingra,Dacia.Ingra@yopmail.com,Dacia.Ingra@gmail.com,police officer
774,Siana,Hanshaw,Siana.Hanshaw@yopmail.com,Siana.Hanshaw@gmail.com,doctor
775,Robbi,Ball,Robbi.Ball@yopmail.com,Robbi.Ball@gmail.com,police officer
776,Elise,Justinn,Elise.Justinn@yopmail.com,Elise.Justinn@gmail.com,doctor
777,Althea,Justinn,Althea.Justinn@yopmail.com,Althea.Justinn@gmail.com,developer
778,Basia,Wiener,Basia.Wiener@yopmail.com,Basia.Wiener@gmail.com,doctor
779,Fernande,Norrie,Fernande.Norrie@yopmail.com,Fernande.Norrie@gmail.com,worker
780,Gloria,Alejoa,Gloria.Alejoa@yopmail.com,Gloria.Alejoa@gmail.com,worker
781,Darlleen,Medrek,Darlleen.Medrek@yopmail.com,Darlleen.Medrek@gmail.com,doctor
782,Ricky,Jena,Ricky.Jena@yopmail.com,Ricky.Jena@gmail.com,police officer
783,Edee,Taima,Edee.Taima@yopmail.com,Edee.Taima@gmail.com,worker
784,Kalina,Kolnick,Kalina.Kolnick@yopmail.com,Kalina.Kolnick@gmail.com,firefighter
785,Adele,Behre,Adele.Behre@yopmail.com,Adele.Behre@gmail.com,doctor
786,Rani,Suzetta,Rani.Suzetta@yopmail.com,Rani.Suzetta@gmail.com,developer
787,Annecorinne,Hieronymus,Annecorinne.Hieronymus@yopmail.com,Annecorinne.Hieronymus@gmail.com,police officer
788,Abbie,Melony,Abbie.Melony@yopmail.com,Abbie.Melony@gmail.com,police officer
789,Tracey,Penelopa,Tracey.Penelopa@yopmail.com,Tracey.Penelopa@gmail.com,developer
790,Leeanne,Lissi,Leeanne.Lissi@yopmail.com,Leeanne.Lissi@gmail.com,worker
791,Norine,Mayeda,Norine.Mayeda@yopmail.com,Norine.Mayeda@gmail.com,developer
792,Jenilee,Lorenz,Jenilee.Lorenz@yopmail.com,Jenilee.Lorenz@gmail.com,worker
793,Cam,Willie,Cam.Willie@yopmail.com,Cam.Willie@gmail.com,doctor
794,Cathie,Idelia,Cathie.Idelia@yopmail.com,Cathie.Idelia@gmail.com,firefighter
795,Lisette,Thad,Lisette.Thad@yopmail.com,Lisette.Thad@gmail.com,firefighter
796,Marti,Zaslow,Marti.Zaslow@yopmail.com,Marti.Zaslow@gmail.com,police officer
797,Dyann,Georas,Dyann.Georas@yopmail.com,Dyann.Georas@gmail.com,firefighter
798,Sue,Allys,Sue.Allys@yopmail.com,Sue.Allys@gmail.com,police officer
799,Alie,Sacken,Alie.Sacken@yopmail.com,Alie.Sacken@gmail.com,doctor
800,Nannie,Meter,Nannie.Meter@yopmail.com,Nannie.Meter@gmail.com,police officer
801,Ida,Flita,Ida.Flita@yopmail.com,Ida.Flita@gmail.com,police officer
802,Gratia,Kesley,Gratia.Kesley@yopmail.com,Gratia.Kesley@gmail.com,developer
803,Marsiella,Willie,Marsiella.Willie@yopmail.com,Marsiella.Willie@gmail.com,doctor
804,Stevana,Meter,Stevana.Meter@yopmail.com,Stevana.Meter@gmail.com,worker
805,Eadie,Sasnett,Eadie.Sasnett@yopmail.com,Eadie.Sasnett@gmail.com,police officer
806,Bettine,Oster,Bettine.Oster@yopmail.com,Bettine.Oster@gmail.com,doctor
807,Carree,Barbey,Carree.Barbey@yopmail.com,Carree.Barbey@gmail.com,doctor
808,Taffy,Kauppi,Taffy.Kauppi@yopmail.com,Taffy.Kauppi@gmail.com,developer
809,Sonni,Pozzy,Sonni.Pozzy@yopmail.com,Sonni.Pozzy@gmail.com,firefighter
810,Perry,Sekofski,Perry.Sekofski@yopmail.com,Perry.Sekofski@gmail.com,worker
811,Hermione,Lucienne,Hermione.Lucienne@yopmail.com,Hermione.Lucienne@gmail.com,worker
812,Emylee,Hepsibah,Emylee.Hepsibah@yopmail.com,Emylee.Hepsibah@gmail.com,developer
813,Gale,Hamil,Gale.Hamil@yopmail.com,Gale.Hamil@gmail.com,worker
814,Vinita,Earlie,Vinita.Earlie@yopmail.com,Vinita.Earlie@gmail.com,firefighter
815,Olivette,Idelia,Olivette.Idelia@yopmail.com,Olivette.Idelia@gmail.com,police officer
816,Chastity,Clarissa,Chastity.Clarissa@yopmail.com,Chastity.Clarissa@gmail.com,police officer
817,Nanete,Gilbertson,Nanete.Gilbertson@yopmail.com,Nanete.Gilbertson@gmail.com,firefighter
818,Odessa,Gaynor,Odessa.Gaynor@yopmail.com,Odessa.Gaynor@gmail.com,firefighter
819,Petronia,Odell,Petronia.Odell@yopmail.com,Petronia.Odell@gmail.com,firefighter
820,Vevay,Bandeen,Vevay.Bandeen@yopmail.com,Vevay.Bandeen@gmail.com,police officer
821,Marnia,O'Rourke,Marnia.O'Rourke@yopmail.com,Marnia.O'Rourke@gmail.com,police officer
822,Marguerite,Silvan,Marguerite.Silvan@yopmail.com,Marguerite.Silvan@gmail.com,firefighter
823,Ardenia,Tyson,Ardenia.Tyson@yopmail.com,Ardenia.Tyson@gmail.com,developer
824,Tomasina,Hachmin,Tomasina.Hachmin@yopmail.com,Tomasina.Hachmin@gmail.com,firefighter
825,Celestyna,Merriott,Celestyna.Merriott@yopmail.com,Celestyna.Merriott@gmail.com,doctor
826,Annecorinne,Harl,Annecorinne.Harl@yopmail.com,Annecorinne.Harl@gmail.com,firefighter
827,Judy,Angelis,Judy.Angelis@yopmail.com,Judy.Angelis@gmail.com,worker
828,Myriam,Destinee,Myriam.Destinee@yopmail.com,Myriam.Destinee@gmail.com,police officer
829,Brandise,Xerxes,Brandise.Xerxes@yopmail.com,Brandise.Xerxes@gmail.com,police officer
830,Melanie,Annabella,Melanie.Annabella@yopmail.com,Melanie.Annabella@gmail.com,developer
831,Mady,Ries,Mady.Ries@yopmail.com,Mady.Ries@gmail.com,firefighter
832,Merle,Emanuel,Merle.Emanuel@yopmail.com,Merle.Emanuel@gmail.com,police officer
833,Thalia,Philoo,Thalia.Philoo@yopmail.com,Thalia.Philoo@gmail.com,developer
834,Dorice,Heidt,Dorice.Heidt@yopmail.com,Dorice.Heidt@gmail.com,firefighter
835,Lory,Pond,Lory.Pond@yopmail.com,Lory.Pond@gmail.com,developer
836,Taffy,Haerr,Taffy.Haerr@yopmail.com,Taffy.Haerr@gmail.com,firefighter
837,Leona,Dash,Leona.Dash@yopmail.com,Leona.Dash@gmail.com,developer
838,Tatiania,Ulphia,Tatiania.Ulphia@yopmail.com,Tatiania.Ulphia@gmail.com,firefighter
839,Jinny,Ledah,Jinny.Ledah@yopmail.com,Jinny.Ledah@gmail.com,firefighter
840,Lily,Gaynor,Lily.Gaynor@yopmail.com,Lily.Gaynor@gmail.com,doctor
841,Merci,Gunn,Merci.Gunn@yopmail.com,Merci.Gunn@gmail.com,doctor
842,Kate,Aida,Kate.Aida@yopmail.com,Kate.Aida@gmail.com,worker
843,Ida,Maryanne,Ida.Maryanne@yopmail.com,Ida.Maryanne@gmail.com,police officer
844,Deedee,Pierette,Deedee.Pierette@yopmail.com,Deedee.Pierette@gmail.com,developer
845,Jaime,Eugenia,Jaime.Eugenia@yopmail.com,Jaime.Eugenia@gmail.com,worker
846,Yetty,Larochelle,Yetty.Larochelle@yopmail.com,Yetty.Larochelle@gmail.com,worker
847,Alexine,Colbert,Alexine.Colbert@yopmail.com,Alexine.Colbert@gmail.com,doctor
848,Valeda,Land,Valeda.Land@yopmail.com,Valeda.Land@gmail.com,police officer
849,Leeanne,Riordan,Leeanne.Riordan@yopmail.com,Leeanne.Riordan@gmail.com,doctor
850,Anestassia,Klotz,Anestassia.Klotz@yopmail.com,Anestassia.Klotz@gmail.com,developer
851,Sashenka,Ivens,Sashenka.Ivens@yopmail.com,Sashenka.Ivens@gmail.com,developer
852,Hallie,Honoria,Hallie.Honoria@yopmail.com,Hallie.Honoria@gmail.com,doctor
853,Mady,Dawkins,Mady.Dawkins@yopmail.com,Mady.Dawkins@gmail.com,worker
854,Tierney,Wenda,Tierney.Wenda@yopmail.com,Tierney.Wenda@gmail.com,worker
855,Gusty,Gualtiero,Gusty.Gualtiero@yopmail.com,Gusty.Gualtiero@gmail.com,police officer
856,Goldie,Wenoa,Goldie.Wenoa@yopmail.com,Goldie.Wenoa@gmail.com,developer
857,Annaliese,Hanshaw,Annaliese.Hanshaw@yopmail.com,Annaliese.Hanshaw@gmail.com,police officer
858,Rhea,Means,Rhea.Means@yopmail.com,Rhea.Means@gmail.com,doctor
859,Trixi,Elo,Trixi.Elo@yopmail.com,Trixi.Elo@gmail.com,worker
860,Karly,Alice,Karly.Alice@yopmail.com,Karly.Alice@gmail.com,doctor
861,Dulce,Gherardo,Dulce.Gherardo@yopmail.com,Dulce.Gherardo@gmail.com,developer
862,Siana,Virgin,Siana.Virgin@yopmail.com,Siana.Virgin@gmail.com,firefighter
863,Melina,Azeria,Melina.Azeria@yopmail.com,Melina.Azeria@gmail.com,doctor
864,Fina,Pozzy,Fina.Pozzy@yopmail.com,Fina.Pozzy@gmail.com,doctor
865,Dorice,Xerxes,Dorice.Xerxes@yopmail.com,Dorice.Xerxes@gmail.com,police officer
866,Tarra,Koehler,Tarra.Koehler@yopmail.com,Tarra.Koehler@gmail.com,police officer
867,Stacey,Felecia,Stacey.Felecia@yopmail.com,Stacey.Felecia@gmail.com,developer
868,Leona,Jagir,Leona.Jagir@yopmail.com,Leona.Jagir@gmail.com,firefighter
869,Nickie,Marcellus,Nickie.Marcellus@yopmail.com,Nickie.Marcellus@gmail.com,worker
870,Madeleine,Lory,Madeleine.Lory@yopmail.com,Madeleine.Lory@gmail.com,doctor
871,Silvana,Edee,Silvana.Edee@yopmail.com,Silvana.Edee@gmail.com,developer
872,Cristabel,Robertson,Cristabel.Robertson@yopmail.com,Cristabel.Robertson@gmail.com,firefighter
873,Flory,Chandler,Flory.Chandler@yopmail.com,Flory.Chandler@gmail.com,doctor
874,Ronna,Meli,Ronna.Meli@yopmail.com,Ronna.Meli@gmail.com,developer
875,Kerrin,Reinke,Kerrin.Reinke@yopmail.com,Kerrin.Reinke@gmail.com,worker
876,Binny,Yerkovich,Binny.Yerkovich@yopmail.com,Binny.Yerkovich@gmail.com,developer
877,Aili,Riordan,Aili.Riordan@yopmail.com,Aili.Riordan@gmail.com,police officer
878,Jean,Shelba,Jean.Shelba@yopmail.com,Jean.Shelba@gmail.com,developer
879,Paule,Florina,Paule.Florina@yopmail.com,Paule.Florina@gmail.com,worker
880,Vere,Stuart,Vere.Stuart@yopmail.com,Vere.Stuart@gmail.com,developer
881,Janey,Jerald,Janey.Jerald@yopmail.com,Janey.Jerald@gmail.com,police officer
882,Claresta,Milson,Claresta.Milson@yopmail.com,Claresta.Milson@gmail.com,doctor
883,Eve,Middleton,Eve.Middleton@yopmail.com,Eve.Middleton@gmail.com,worker
884,Adele,Durware,Adele.Durware@yopmail.com,Adele.Durware@gmail.com,police officer
885,Marsiella,Goerke,Marsiella.Goerke@yopmail.com,Marsiella.Goerke@gmail.com,developer
886,Daphne,Lasley,Daphne.Lasley@yopmail.com,Daphne.Lasley@gmail.com,developer
887,Louella,Mozelle,Louella.Mozelle@yopmail.com,Louella.Mozelle@gmail.com,police officer
888,Lonnie,Goth,Lonnie.Goth@yopmail.com,Lonnie.Goth@gmail.com,police officer
889,Wynne,Jeanne,Wynne.Jeanne@yopmail.com,Wynne.Jeanne@gmail.com,worker
890,Rani,Toor,Rani.Toor@yopmail.com,Rani.Toor@gmail.com,police officer
891,Constance,Mullane,Constance.Mullane@yopmail.com,Constance.Mullane@gmail.com,firefighter
892,Flory,Bultman,Flory.Bultman@yopmail.com,Flory.Bultman@gmail.com,firefighter
893,Rosabelle,Wallis,Rosabelle.Wallis@yopmail.com,Rosabelle.Wallis@gmail.com,doctor
894,Sandie,Sprage,Sandie.Sprage@yopmail.com,Sandie.Sprage@gmail.com,police officer
895,Elie,Verger,Elie.Verger@yopmail.com,Elie.Verger@gmail.com,doctor
896,Zaria,Pettiford,Zaria.Pettiford@yopmail.com,Zaria.Pettiford@gmail.com,doctor
897,Imojean,Modie,Imojean.Modie@yopmail.com,Imojean.Modie@gmail.com,police officer
898,Shaylyn,Darrell,Shaylyn.Darrell@yopmail.com,Shaylyn.Darrell@gmail.com,developer
899,Althea,Sasnett,Althea.Sasnett@yopmail.com,Althea.Sasnett@gmail.com,police officer
900,Agathe,Jacobah,Agathe.Jacobah@yopmail.com,Agathe.Jacobah@gmail.com,worker
901,Mureil,Ax,Mureil.Ax@yopmail.com,Mureil.Ax@gmail.com,police officer
902,Zondra,Teddman,Zondra.Teddman@yopmail.com,Zondra.Teddman@gmail.com,worker
903,Tabbatha,Chapland,Tabbatha.Chapland@yopmail.com,Tabbatha.Chapland@gmail.com,firefighter
904,Audrie,My,Audrie.My@yopmail.com,Audrie.My@gmail.com,doctor
905,Chloris,Eben,Chloris.Eben@yopmail.com,Chloris.Eben@gmail.com,worker
906,Jsandye,Georas,Jsandye.Georas@yopmail.com,Jsandye.Georas@gmail.com,doctor
907,Emilia,Pelagias,Emilia.Pelagias@yopmail.com,Emilia.Pelagias@gmail.com,worker
908,Jeanna,Malvino,Jeanna.Malvino@yopmail.com,Jeanna.Malvino@gmail.com,firefighter
909,Stephanie,Karl,Stephanie.Karl@yopmail.com,Stephanie.Karl@gmail.com,firefighter
910,Therine,Tound,Therine.Tound@yopmail.com,Therine.Tound@gmail.com,doctor
911,Brynna,Turne,Brynna.Turne@yopmail.com,Brynna.Turne@gmail.com,police officer
912,Ezmeralda,Vivle,Ezmeralda.Vivle@yopmail.com,Ezmeralda.Vivle@gmail.com,police officer
913,Annice,Bryna,Annice.Bryna@yopmail.com,Annice.Bryna@gmail.com,worker
914,Willetta,Neva,Willetta.Neva@yopmail.com,Willetta.Neva@gmail.com,worker
915,Dione,Yoko,Dione.Yoko@yopmail.com,Dione.Yoko@gmail.com,doctor
916,Blake,Stacy,Blake.Stacy@yopmail.com,Blake.Stacy@gmail.com,worker
917,Melisent,Martsen,Melisent.Martsen@yopmail.com,Melisent.Martsen@gmail.com,worker
918,Thalia,Niccolo,Thalia.Niccolo@yopmail.com,Thalia.Niccolo@gmail.com,police officer
919,Janenna,Holbrook,Janenna.Holbrook@yopmail.com,Janenna.Holbrook@gmail.com,police officer
920,Georgina,Aldric,Georgina.Aldric@yopmail.com,Georgina.Aldric@gmail.com,police officer
921,Addia,Bivins,Addia.Bivins@yopmail.com,Addia.Bivins@gmail.com,police officer
922,Chloris,Cynar,Chloris.Cynar@yopmail.com,Chloris.Cynar@gmail.com,police officer
923,Gerianna,McClimans,Gerianna.McClimans@yopmail.com,Gerianna.McClimans@gmail.com,firefighter
924,Maurene,Wesle,Maurene.Wesle@yopmail.com,Maurene.Wesle@gmail.com,police officer
925,Ellette,Posner,Ellette.Posner@yopmail.com,Ellette.Posner@gmail.com,worker
926,Jessamyn,Tiffa,Jessamyn.Tiffa@yopmail.com,Jessamyn.Tiffa@gmail.com,firefighter
927,Latisha,Amand,Latisha.Amand@yopmail.com,Latisha.Amand@gmail.com,worker
928,Clo,Palocz,Clo.Palocz@yopmail.com,Clo.Palocz@gmail.com,doctor
929,Addia,Baptlsta,Addia.Baptlsta@yopmail.com,Addia.Baptlsta@gmail.com,worker
930,Morganica,Lorain,Morganica.Lorain@yopmail.com,Morganica.Lorain@gmail.com,worker
931,Phedra,Ailyn,Phedra.Ailyn@yopmail.com,Phedra.Ailyn@gmail.com,worker
932,Loree,Adlare,Loree.Adlare@yopmail.com,Loree.Adlare@gmail.com,police officer
933,Nadine,Eldrid,Nadine.Eldrid@yopmail.com,Nadine.Eldrid@gmail.com,firefighter
934,Millie,Doig,Millie.Doig@yopmail.com,Millie.Doig@gmail.com,police officer
935,Bibby,Monk,Bibby.Monk@yopmail.com,Bibby.Monk@gmail.com,worker
936,Adriana,Gaynor,Adriana.Gaynor@yopmail.com,Adriana.Gaynor@gmail.com,police officer
937,Robbi,Aloise,Robbi.Aloise@yopmail.com,Robbi.Aloise@gmail.com,firefighter
938,Constance,Yuille,Constance.Yuille@yopmail.com,Constance.Yuille@gmail.com,police officer
939,Fanny,Ramona,Fanny.Ramona@yopmail.com,Fanny.Ramona@gmail.com,firefighter
940,Lilith,Dituri,Lilith.Dituri@yopmail.com,Lilith.Dituri@gmail.com,worker
941,Paola,Amethist,Paola.Amethist@yopmail.com,Paola.Amethist@gmail.com,doctor
942,Stevana,Jarib,Stevana.Jarib@yopmail.com,Stevana.Jarib@gmail.com,developer
943,Kylynn,Ackerley,Kylynn.Ackerley@yopmail.com,Kylynn.Ackerley@gmail.com,police officer
944,Ayn,Brieta,Ayn.Brieta@yopmail.com,Ayn.Brieta@gmail.com,firefighter
945,Henriette,Brady,Henriette.Brady@yopmail.com,Henriette.Brady@gmail.com,developer
946,Kathy,Fleeta,Kathy.Fleeta@yopmail.com,Kathy.Fleeta@gmail.com,worker
947,Rosaline,Thornburg,Rosaline.Thornburg@yopmail.com,Rosaline.Thornburg@gmail.com,worker
948,Kore,O'Neill,Kore.O'Neill@yopmail.com,Kore.O'Neill@gmail.com,developer
949,Chloris,Wind,Chloris.Wind@yopmail.com,Chloris.Wind@gmail.com,doctor
950,Iseabal,Joeann,Iseabal.Joeann@yopmail.com,Iseabal.Joeann@gmail.com,police officer
951,Lorne,Brieta,Lorne.Brieta@yopmail.com,Lorne.Brieta@gmail.com,doctor
952,Misha,Maroney,Misha.Maroney@yopmail.com,Misha.Maroney@gmail.com,worker
953,Vita,Baptlsta,Vita.Baptlsta@yopmail.com,Vita.Baptlsta@gmail.com,firefighter
954,Winny,Honoria,Winny.Honoria@yopmail.com,Winny.Honoria@gmail.com,worker
955,Bettine,Latini,Bettine.Latini@yopmail.com,Bettine.Latini@gmail.com,worker
956,Tori,Craggie,Tori.Craggie@yopmail.com,Tori.Craggie@gmail.com,doctor
957,Shannah,Koehler,Shannah.Koehler@yopmail.com,Shannah.Koehler@gmail.com,police officer
958,Dania,Meli,Dania.Meli@yopmail.com,Dania.Meli@gmail.com,developer
959,Elbertina,Cecile,Elbertina.Cecile@yopmail.com,Elbertina.Cecile@gmail.com,police officer
960,Marsiella,Zitvaa,Marsiella.Zitvaa@yopmail.com,Marsiella.Zitvaa@gmail.com,firefighter
961,Jere,Chauncey,Jere.Chauncey@yopmail.com,Jere.Chauncey@gmail.com,police officer
962,Janis,Fry,Janis.Fry@yopmail.com,Janis.Fry@gmail.com,developer
963,Shaine,Vharat,Shaine.Vharat@yopmail.com,Shaine.Vharat@gmail.com,police officer
964,Yvonne,Pozzy,Yvonne.Pozzy@yopmail.com,Yvonne.Pozzy@gmail.com,developer
965,Jacquetta,Hutchison,Jacquetta.Hutchison@yopmail.com,Jacquetta.Hutchison@gmail.com,police officer
966,Cathie,Mullane,Cathie.Mullane@yopmail.com,Cathie.Mullane@gmail.com,worker
967,Jillayne,Berriman,Jillayne.Berriman@yopmail.com,Jillayne.Berriman@gmail.com,doctor
968,Malina,Peti,Malina.Peti@yopmail.com,Malina.Peti@gmail.com,doctor
969,Nita,Tristram,Nita.Tristram@yopmail.com,Nita.Tristram@gmail.com,firefighter
970,Wendi,Vernier,Wendi.Vernier@yopmail.com,Wendi.Vernier@gmail.com,police officer
971,Leona,Palocz,Leona.Palocz@yopmail.com,Leona.Palocz@gmail.com,firefighter
972,Madeleine,Pascia,Madeleine.Pascia@yopmail.com,Madeleine.Pascia@gmail.com,police officer
973,Bernardine,Decato,Bernardine.Decato@yopmail.com,Bernardine.Decato@gmail.com,police officer
974,Kial,Wiener,Kial.Wiener@yopmail.com,Kial.Wiener@gmail.com,developer
975,Penelopa,Chaing,Penelopa.Chaing@yopmail.com,Penelopa.Chaing@gmail.com,police officer
976,Mireielle,Masao,Mireielle.Masao@yopmail.com,Mireielle.Masao@gmail.com,doctor
977,Frances,Danby,Frances.Danby@yopmail.com,Frances.Danby@gmail.com,police officer
978,Emilia,Germann,Emilia.Germann@yopmail.com,Emilia.Germann@gmail.com,worker
979,Marguerite,Bashemeth,Marguerite.Bashemeth@yopmail.com,Marguerite.Bashemeth@gmail.com,worker
980,Alejandra,Albertine,Alejandra.Albertine@yopmail.com,Alejandra.Albertine@gmail.com,developer
981,Mireielle,Isidore,Mireielle.Isidore@yopmail.com,Mireielle.Isidore@gmail.com,worker
982,Hope,Friede,Hope.Friede@yopmail.com,Hope.Friede@gmail.com,developer
983,Nollie,Sundin,Nollie.Sundin@yopmail.com,Nollie.Sundin@gmail.com,police officer
984,Wynne,Damarra,Wynne.Damarra@yopmail.com,Wynne.Damarra@gmail.com,worker
985,Bertine,Oneida,Bertine.Oneida@yopmail.com,Bertine.Oneida@gmail.com,worker
986,Etta,Belldas,Etta.Belldas@yopmail.com,Etta.Belldas@gmail.com,doctor
987,Tybie,Riordan,Tybie.Riordan@yopmail.com,Tybie.Riordan@gmail.com,worker
988,Cherrita,Primalia,Cherrita.Primalia@yopmail.com,Cherrita.Primalia@gmail.com,firefighter
989,Stacey,Bouchard,Stacey.Bouchard@yopmail.com,Stacey.Bouchard@gmail.com,police officer
990,Andeee,Lilas,Andeee.Lilas@yopmail.com,Andeee.Lilas@gmail.com,firefighter
991,Madelle,Eachern,Madelle.Eachern@yopmail.com,Madelle.Eachern@gmail.com,firefighter
992,Consuela,Ochs,Consuela.Ochs@yopmail.com,Consuela.Ochs@gmail.com,firefighter
993,Marita,Maribeth,Marita.Maribeth@yopmail.com,Marita.Maribeth@gmail.com,developer
994,Krystle,Kathie,Krystle.Kathie@yopmail.com,Krystle.Kathie@gmail.com,developer
995,Leanna,McCutcheon,Leanna.McCutcheon@yopmail.com,Leanna.McCutcheon@gmail.com,firefighter
996,Claresta,Pierette,Claresta.Pierette@yopmail.com,Claresta.Pierette@gmail.com,police officer
997,Deirdre,Cyrie,Deirdre.Cyrie@yopmail.com,Deirdre.Cyrie@gmail.com,doctor
998,Ada,Frendel,Ada.Frendel@yopmail.com,Ada.Frendel@gmail.com,worker
999,Shannah,Ailyn,Shannah.Ailyn@yopmail.com,Shannah.Ailyn@gmail.com,police officer
1000,Micheline,Maiah,Micheline.Maiah@yopmail.com,Micheline.Maiah@gmail.com,developer
1001,Deedee,Kiersten,Deedee.Kiersten@yopmail.com,Deedee.Kiersten@gmail.com,developer
1002,Deloria,Gregrory,Deloria.Gregrory@yopmail.com,Deloria.Gregrory@gmail.com,police officer
1003,Donetta,Redmond,Donetta.Redmond@yopmail.com,Donetta.Redmond@gmail.com,police officer
1004,Loree,Gillan,Loree.Gillan@yopmail.com,Loree.Gillan@gmail.com,firefighter
1005,Chandra,Holtz,Chandra.Holtz@yopmail.com,Chandra.Holtz@gmail.com,doctor
1006,Estell,Norrie,Estell.Norrie@yopmail.com,Estell.Norrie@gmail.com,police officer
1007,Briney,Shirberg,Briney.Shirberg@yopmail.com,Briney.Shirberg@gmail.com,doctor
1008,Audrie,Ledah,Audrie.Ledah@yopmail.com,Audrie.Ledah@gmail.com,firefighter
1009,Raf,Alarise,Raf.Alarise@yopmail.com,Raf.Alarise@gmail.com,doctor
1010,Sean,Breed,Sean.Breed@yopmail.com,Sean.Breed@gmail.com,police officer
1011,Edee,Shelba,Edee.Shelba@yopmail.com,Edee.Shelba@gmail.com,firefighter
1012,Deloria,Lissi,Deloria.Lissi@yopmail.com,Deloria.Lissi@gmail.com,developer
1013,Patricia,Stilwell,Patricia.Stilwell@yopmail.com,Patricia.Stilwell@gmail.com,doctor
1014,Lorie,Dom,Lorie.Dom@yopmail.com,Lorie.Dom@gmail.com,developer
1015,Phedra,Joli,Phedra.Joli@yopmail.com,Phedra.Joli@gmail.com,firefighter
1016,Tatiania,Ailyn,Tatiania.Ailyn@yopmail.com,Tatiania.Ailyn@gmail.com,worker
1017,Ulrike,Wenda,Ulrike.Wenda@yopmail.com,Ulrike.Wenda@gmail.com,worker
1018,Nadine,Brenn,Nadine.Brenn@yopmail.com,Nadine.Brenn@gmail.com,firefighter
1019,Nadine,Philipp,Nadine.Philipp@yopmail.com,Nadine.Philipp@gmail.com,doctor
1020,Farrah,Noelyn,Farrah.Noelyn@yopmail.com,Farrah.Noelyn@gmail.com,developer
1021,Linzy,Riordan,Linzy.Riordan@yopmail.com,Linzy.Riordan@gmail.com,worker
1022,Rubie,Tyson,Rubie.Tyson@yopmail.com,Rubie.Tyson@gmail.com,developer
1023,Sean,Hachmin,Sean.Hachmin@yopmail.com,Sean.Hachmin@gmail.com,doctor
1024,Jacenta,Christal,Jacenta.Christal@yopmail.com,Jacenta.Christal@gmail.com,police officer
1025,Dolli,Longfellow,Dolli.Longfellow@yopmail.com,Dolli.Longfellow@gmail.com,developer
1026,Sindee,Baylor,Sindee.Baylor@yopmail.com,Sindee.Baylor@gmail.com,developer
1027,Sam,Zenas,Sam.Zenas@yopmail.com,Sam.Zenas@gmail.com,worker
1028,Aurore,Dorcy,Aurore.Dorcy@yopmail.com,Aurore.Dorcy@gmail.com,developer
1029,Cristabel,Standing,Cristabel.Standing@yopmail.com,Cristabel.Standing@gmail.com,police officer
1030,Rebeca,Waite,Rebeca.Waite@yopmail.com,Rebeca.Waite@gmail.com,developer
1031,Wilma,Standing,Wilma.Standing@yopmail.com,Wilma.Standing@gmail.com,firefighter
1032,Mariele,Gordon,Mariele.Gordon@yopmail.com,Mariele.Gordon@gmail.com,police officer
1033,Marguerite,Sancho,Marguerite.Sancho@yopmail.com,Marguerite.Sancho@gmail.com,firefighter
1034,Darlleen,Martsen,Darlleen.Martsen@yopmail.com,Darlleen.Martsen@gmail.com,developer
1035,Gusty,Rese,Gusty.Rese@yopmail.com,Gusty.Rese@gmail.com,doctor
1036,Tobe,Whittaker,Tobe.Whittaker@yopmail.com,Tobe.Whittaker@gmail.com,doctor
1037,Morganica,Secrest,Morganica.Secrest@yopmail.com,Morganica.Secrest@gmail.com,worker
1038,Amalie,Larochelle,Amalie.Larochelle@yopmail.com,Amalie.Larochelle@gmail.com,firefighter
1039,Frieda,Lucienne,Frieda.Lucienne@yopmail.com,Frieda.Lucienne@gmail.com,firefighter
1040,Maurene,Ader,Maurene.Ader@yopmail.com,Maurene.Ader@gmail.com,police officer
1041,Penelopa,Haldas,Penelopa.Haldas@yopmail.com,Penelopa.Haldas@gmail.com,developer
1042,Karina,Sikorski,Karina.Sikorski@yopmail.com,Karina.Sikorski@gmail.com,developer
1043,Lanae,Jagir,Lanae.Jagir@yopmail.com,Lanae.Jagir@gmail.com,developer
1044,Berget,Medrek,Berget.Medrek@yopmail.com,Berget.Medrek@gmail.com,developer
1045,Charmaine,Wilkinson,Charmaine.Wilkinson@yopmail.com,Charmaine.Wilkinson@gmail.com,developer
1046,Starla,Shaver,Starla.Shaver@yopmail.com,Starla.Shaver@gmail.com,doctor
1047,Susan,Lilas,Susan.Lilas@yopmail.com,Susan.Lilas@gmail.com,police officer
1048,Pierette,Liva,Pierette.Liva@yopmail.com,Pierette.Liva@gmail.com,developer
1049,Wileen,Karl,Wileen.Karl@yopmail.com,Wileen.Karl@gmail.com,firefighter
1050,Fanny,Joeann,Fanny.Joeann@yopmail.com,Fanny.Joeann@gmail.com,worker
1051,Christy,Colp,Christy.Colp@yopmail.com,Christy.Colp@gmail.com,worker
1052,Rhoda,Maroney,Rhoda.Maroney@yopmail.com,Rhoda.Maroney@gmail.com,firefighter
1053,Mara,Elvyn,Mara.Elvyn@yopmail.com,Mara.Elvyn@gmail.com,police officer
1054,Ursulina,Vorster,Ursulina.Vorster@yopmail.com,Ursulina.Vorster@gmail.com,police officer
1055,Jobi,Hirsch,Jobi.Hirsch@yopmail.com,Jobi.Hirsch@gmail.com,worker
1056,Jere,Wareing,Jere.Wareing@yopmail.com,Jere.Wareing@gmail.com,developer
1057,Gisela,Ardra,Gisela.Ardra@yopmail.com,Gisela.Ardra@gmail.com,police officer
1058,Dulcinea,Armanda,Dulcinea.Armanda@yopmail.com,Dulcinea.Armanda@gmail.com,police officer
1059,Albertina,Pearse,Albertina.Pearse@yopmail.com,Albertina.Pearse@gmail.com,police officer
1060,Maye,Amethist,Maye.Amethist@yopmail.com,Maye.Amethist@gmail.com,worker
1061,Trixi,Gillan,Trixi.Gillan@yopmail.com,Trixi.Gillan@gmail.com,doctor
1062,Correy,Pond,Correy.Pond@yopmail.com,Correy.Pond@gmail.com,developer
1063,Candy,Berriman,Candy.Berriman@yopmail.com,Candy.Berriman@gmail.com,worker
1064,Cristabel,Schalles,Cristabel.Schalles@yopmail.com,Cristabel.Schalles@gmail.com,police officer
1065,Binny,Kellby,Binny.Kellby@yopmail.com,Binny.Kellby@gmail.com,police officer
1066,Kirstin,Ophelia,Kirstin.Ophelia@yopmail.com,Kirstin.Ophelia@gmail.com,firefighter
1067,Blake,Sinegold,Blake.Sinegold@yopmail.com,Blake.Sinegold@gmail.com,worker
1068,Mellicent,Wenoa,Mellicent.Wenoa@yopmail.com,Mellicent.Wenoa@gmail.com,developer
1069,Courtnay,Gaynor,Courtnay.Gaynor@yopmail.com,Courtnay.Gaynor@gmail.com,firefighter
1070,Cathyleen,Barney,Cathyleen.Barney@yopmail.com,Cathyleen.Barney@gmail.com,worker
1071,Tierney,Nisbet,Tierney.Nisbet@yopmail.com,Tierney.Nisbet@gmail.com,police officer
1072,Nollie,Guthrie,Nollie.Guthrie@yopmail.com,Nollie.Guthrie@gmail.com,worker
1073,Sabina,Cutlerr,Sabina.Cutlerr@yopmail.com,Sabina.Cutlerr@gmail.com,developer
1074,Estell,Saree,Estell.Saree@yopmail.com,Estell.Saree@gmail.com,doctor
1075,Kayla,Virgin,Kayla.Virgin@yopmail.com,Kayla.Virgin@gmail.com,developer
1076,Edee,Bahr,Edee.Bahr@yopmail.com,Edee.Bahr@gmail.com,developer
1077,Augustine,Creamer,Augustine.Creamer@yopmail.com,Augustine.Creamer@gmail.com,firefighter
1078,Beatriz,Noman,Beatriz.Noman@yopmail.com,Beatriz.Noman@gmail.com,doctor
1079,Aurelie,Morgun,Aurelie.Morgun@yopmail.com,Aurelie.Morgun@gmail.com,worker
1080,Phedra,Avi,Phedra.Avi@yopmail.com,Phedra.Avi@gmail.com,police officer
1081,Dorothy,Deny,Dorothy.Deny@yopmail.com,Dorothy.Deny@gmail.com,firefighter
1082,Kirstin,Gaspard,Kirstin.Gaspard@yopmail.com,Kirstin.Gaspard@gmail.com,worker
1083,Maurene,Toni,Maurene.Toni@yopmail.com,Maurene.Toni@gmail.com,doctor
1084,Fidelia,Ferrell,Fidelia.Ferrell@yopmail.com,Fidelia.Ferrell@gmail.com,worker
1085,Jere,Earlie,Jere.Earlie@yopmail.com,Jere.Earlie@gmail.com,developer
1086,Brianna,Scammon,Brianna.Scammon@yopmail.com,Brianna.Scammon@gmail.com,doctor
1087,Joeann,Stover,Joeann.Stover@yopmail.com,Joeann.Stover@gmail.com,developer
1088,Brooks,Carlson,Brooks.Carlson@yopmail.com,Brooks.Carlson@gmail.com,police officer
1089,Glenda,Dimitris,Glenda.Dimitris@yopmail.com,Glenda.Dimitris@gmail.com,firefighter
1090,Ida,Pearse,Ida.Pearse@yopmail.com,Ida.Pearse@gmail.com,police officer
1091,Agathe,Angelis,Agathe.Angelis@yopmail.com,Agathe.Angelis@gmail.com,police officer
1092,Cristabel,Lesley,Cristabel.Lesley@yopmail.com,Cristabel.Lesley@gmail.com,developer
1093,Tersina,Blisse,Tersina.Blisse@yopmail.com,Tersina.Blisse@gmail.com,developer
1094,Jean,Gemini,Jean.Gemini@yopmail.com,Jean.Gemini@gmail.com,worker
1095,Isa,Bonucci,Isa.Bonucci@yopmail.com,Isa.Bonucci@gmail.com,doctor
1096,Brena,Bivins,Brena.Bivins@yopmail.com,Brena.Bivins@gmail.com,firefighter
1097,Mildrid,Smitt,Mildrid.Smitt@yopmail.com,Mildrid.Smitt@gmail.com,worker
1098,Kial,Eiser,Kial.Eiser@yopmail.com,Kial.Eiser@gmail.com,firefighter
1099,Vinita,Nunci,Vinita.Nunci@yopmail.com,Vinita.Nunci@gmail.com,police officer